accident,death,very_hurt,light_hurt,injury,many,severity,total,accident_type,lat,lon
72,0,26,41,5,7.07,11.2,9.55,side_crash,37.488,126.906
64,0,18,43,3,5.87,8.67,7.55,side_crash,37.5,126.973
56,0,13,35,8,4.5,6.03,5.42,side_crash,37.499,126.928
52,0,12,32,8,4.13,5.5,4.95,side_crash,37.512,126.94
34,2,16,14,2,4.27,4.97,4.69,side_crash,37.504,126.939
36,0,14,20,2,3.67,4.97,4.45,side_crash,37.496,126.953
39,0,16,20,3,4,4.57,4.34,side_crash,37.517,126.958
30,0,8,20,2,2.67,5.27,4.23,side_crash,37.495,126.913
32,0,8,23,1,2.87,4.97,4.13,crash_driving,37.507,126.966
30,1,17,10,2,3.83,4.3,4.11,crossing,37.512,126.94
35,0,8,26,1,3.07,4.73,4.07,side_crash,37.492,126.909
45,0,9,34,2,3.77,4.23,4.05,side_crash,37.501,126.942
30,0,11,16,3,2.9,4.73,4,side_crash,37.496,126.953
28,0,13,14,1,3.1,4.17,3.74,side_crash,37.499,126.889
26,1,12,12,1,3.13,4.03,3.67,side_crash,37.504,126.939
41,0,7,28,6,3.03,4.1,3.67,side_crash,37.501,126.922
29,0,9,19,1,2.77,4.03,3.53,crossing,37.514,126.941
31,0,12,15,4,3,3.77,3.46,side_crash,37.485,126.982
35,0,9,21,5,2.9,3.8,3.44,crash_stop,37.483,126.974
26,0,9,16,1,2.57,3.3,3.01,side_crash,37.504,126.95
24,0,9,12,3,2.3,3.03,2.74,crossing,37.503,126.915
24,0,9,14,1,2.43,2.9,2.71,side_crash,37.512,126.953
26,0,7,14,5,2.1,2.97,2.62,side_crash,37.484,126.975
25,0,4,17,4,1.8,2.53,2.24,side_crash,37.499,126.928
10,0,4,5,1,1,1.73,1.44,side_crash,37.517,126.958
10,0,4,6,0,1.07,1.63,1.41,side_crash,37.504,126.939
10,0,5,5,0,1.17,1.3,1.25,side_crash,37.499,126.928
9,0,3,5,1,0.83,0.9,0.87,side_crash,37.5,126.973
9,0,1,6,2,0.57,0.7,0.65,car_man,37.504,126.939
6,0,1,5,0,0.5,0.7,0.62,side_crash,37.5,126.973
99,1,33,59,6,9.77,13.53,12.03,side_crash,37.539,126.944
65,1,21,42,1,6.63,9.97,8.63,car_car,37.552,126.918
57,1,17,34,5,5.43,7.3,6.55,car_car,37.549,126.913
37,0,12,23,2,3.53,8.5,6.51,car_car,37.556,126.931
46,0,17,27,2,4.63,7.6,6.41,side_crash,37.565,126.911
52,0,20,29,3,5.27,5.97,5.69,car_car,37.747,127.034
49,0,14,34,1,4.6,6,5.44,side_crash,37.553,126.923
44,0,15,25,4,4.17,5.5,4.97,side_crash,37.547,126.932
34,0,18,15,1,4,5.3,4.78,car_car,37.557,126.958
36,0,16,16,4,3.73,5.17,4.59,car_car,37.558,126.926
41,1,12,27,1,4.13,4.67,4.45,crossing,37.558,126.925
36,0,13,21,2,3.57,4.7,4.25,car_car,37.553,126.911
29,0,15,13,1,3.37,4.43,4.01,car_car,37.546,126.946
34,0,13,19,2,3.43,4.37,3.99,car_car,37.556,126.945
41,0,8,32,1,3.47,3.97,3.77,car_car,37.553,126.923
31,1,8,20,2,3,4.1,3.66,car_car,37.554,126.919
32,0,10,21,1,3.07,3.9,3.57,side_crash,37.559,126.913
35,0,9,26,0,3.23,3.63,3.47,car_car,36.99,127.1
37,0,10,21,6,3.07,3.67,3.43,car_man,37.55,126.921
36,0,8,26,2,3.07,3.67,3.43,car_car,37.539,126.946
33,0,10,18,5,2.87,3.27,3.11,car_car,37.546,126.941
20,0,8,11,1,2.07,2.87,2.55,car_car,37.747,127.034
23,0,10,11,2,2.4,2.53,2.48,crossing,37.747,127.034
18,0,3,14,1,1.43,1.83,1.67,car_man,37.553,126.923
12,0,2,10,0,1,1.6,1.36,crash_driving,37.549,126.913
8,0,4,4,0,0.93,1,0.97,car_car,37.566,126.911
5,0,2,3,0,0.53,0.67,0.61,crash_stop,37.552,126.918
6,0,3,1,2,0.57,0.57,0.57,crash_driving,37.549,126.913
6,0,2,2,2,0.47,0.63,0.57,side_crash,37.543,126.953
5,0,0,5,0,0.33,0.53,0.45,car_car,37.543,126.953
85,2,29,51,3,8.9,14.13,12.04,side_crash,37.617,127.029
65,0,18,44,3,5.93,8.87,7.69,side_crash,37.639,127.025
77,0,16,58,3,6.53,7.53,7.13,car_man,37.637,127.024
57,1,18,36,2,5.73,6.5,6.19,car_man,37.613,127.03
50,0,19,31,0,5.23,6.33,5.89,side_crash,37.635,127.033
49,0,16,31,2,4.73,6.07,5.53,side_crash,37.609,127.03
39,1,7,25,6,3.17,6.67,5.27,side_crash,37.623,127.028
45,0,13,28,4,4.03,5.57,4.95,side_crash,37.635,127.022
32,2,16,13,1,4.2,5.23,4.82,side_crash,37.631,127.028
41,1,11,27,2,3.97,4.77,4.45,side_crash,37.611,127.035
45,0,10,32,3,3.8,4.83,4.42,side_crash,37.643,127.022
30,0,15,14,1,3.43,4.43,4.03,side_crash,37.626,127.026
32,0,14,17,1,3.47,4.2,3.91,side_crash,37.631,127.024
29,0,14,15,0,3.33,4.27,3.89,side_crash,37.619,127.028
30,0,11,19,0,3.1,4.07,3.68,side_crash,37.624,127.049
30,0,11,18,1,3.03,3.97,3.59,side_crash,37.613,127.021
31,1,11,17,2,3.3,3.7,3.54,car_car,37.619,127.021
27,1,12,14,0,3.27,3.7,3.53,side_crash,37.635,127.019
38,0,6,30,2,3,3.87,3.52,side_crash,37.635,127.022
28,0,9,16,3,2.57,3.6,3.19,crossing,37.624,127.018
25,0,10,15,0,2.67,3.2,2.99,crossing,37.613,127.03
25,0,12,11,2,2.73,3,2.89,car_man,37.635,127.019
19,0,7,10,2,1.83,2.53,2.25,side_crash,37.617,127.029
17,0,8,9,0,1.93,2.27,2.13,car_car,37.631,127.024
17,0,6,10,1,1.67,1.93,1.83,car_man,37.613,127.03
13,0,4,7,2,1.13,1.7,1.47,side_crash,37.602,127.143
13,0,0,12,1,0.8,1.2,1.04,side_crash,37.617,127.029
10,0,3,7,0,0.97,1.03,1.01,side_crash,37.643,127.022
7,0,1,6,0,0.57,1.1,0.89,side_crash,37.631,127.028
6,0,1,5,0,0.5,0.77,0.66,car_man,37.637,127.024
62,0,20,37,5,5.8,10.37,8.54,side_crash,37.506,126.86
44,0,12,30,2,4,8.33,6.6,side_crash,37.497,126.865
51,3,14,29,5,5.27,7.3,6.49,side_crash,37.481,126.886
45,0,16,28,1,4.53,7.5,6.31,side_crash,37.506,126.885
39,1,17,21,0,4.57,7,6.03,side_crash,37.501,126.846
33,1,22,10,0,4.67,6.5,5.77,side_crash,37.701,127.205
55,0,15,38,2,5.03,6.1,5.67,side_crash,37.479,126.889
41,0,19,21,1,4.57,5.93,5.39,side_crash,37.494,126.84
44,0,20,21,3,4.73,5.7,5.31,side_crash,37.497,126.856
43,1,14,24,4,4.27,5.83,5.21,crash_stop,37.477,126.88
33,3,11,15,4,3.83,6.13,5.21,side_crash,37.489,126.858
36,0,19,14,3,4.1,5.17,4.74,side_crash,37.49,126.856
37,0,13,21,3,3.57,5.23,4.57,side_crash,37.495,126.887
34,0,10,23,1,3.2,5.43,4.54,side_crash,37.506,126.886
32,1,15,12,4,3.63,4.93,4.41,side_crash,37.497,126.847
32,0,10,19,3,2.93,4.5,3.87,side_crash,37.485,126.856
31,0,14,15,2,3.33,4.1,3.79,side_crash,37.497,126.845
30,0,15,14,1,3.43,3.97,3.75,side_crash,37.498,126.703
30,0,12,17,1,3.13,4.13,3.73,side_crash,37.504,126.888
35,0,12,20,3,3.33,3.87,3.65,crossing,37.486,126.887
27,1,11,14,1,3.1,3.73,3.48,side_crash,37.326,127.957
27,0,13,14,0,3.1,3.57,3.38,side_crash,37.493,126.895
29,0,12,14,3,2.93,3.63,3.35,side_crash,37.503,126.882
27,1,9,14,3,2.77,3.47,3.19,crossing,37.494,126.858
30,1,6,21,2,2.73,3.2,3.01,side_crash,37.506,126.885
10,1,3,3,3,1.03,1.3,1.19,side_crash,37.477,126.88
7,0,3,3,1,0.7,0.97,0.86,crash_driving,37.49,126.856
8,0,1,7,0,0.63,0.9,0.79,side_crash,37.506,126.86
5,0,3,1,1,0.57,0.73,0.67,driveway,37.479,126.889
5,0,2,2,1,0.47,0.53,0.51,car_man,37.481,126.886
52,0,19,29,4,5.1,6.83,6.14,side_crash,37.535,126.828
43,0,16,23,4,4.2,6.83,5.78,side_crash,37.517,126.839
48,0,17,28,3,4.7,5.93,5.44,side_crash,37.539,126.825
43,1,14,24,4,4.27,5.17,4.81,side_crash,37.52,126.852
38,1,8,29,0,3.6,5.57,4.78,side_crash,37.528,126.863
38,0,12,26,0,3.73,5.23,4.63,side_crash,37.532,126.862
43,0,10,32,1,3.8,4.93,4.48,side_crash,37.526,126.864
35,0,13,19,3,3.43,4.93,4.33,side_crash,37.524,126.875
29,0,11,17,1,2.97,4.97,4.17,side_crash,37.52,126.837
30,0,10,18,2,2.87,4.97,4.13,side_crash,37.506,126.726
25,1,8,16,0,2.73,4.3,3.67,car_car,37.53,126.875
33,0,8,23,2,2.87,4.17,3.65,side_crash,37.524,126.849
26,0,9,16,1,2.57,4.3,3.61,side_crash,37.511,126.87
28,0,9,18,1,2.7,3.97,3.46,side_crash,37.536,126.866
30,0,12,13,5,2.87,3.73,3.39,side_crash,37.524,126.875
27,0,9,17,1,2.63,3.8,3.33,side_crash,37.527,126.829
24,1,11,10,2,2.83,3.33,3.13,crossing,37.52,126.852
27,0,6,20,1,2.33,3.13,2.81,side_crash,37.523,126.865
25,0,7,16,2,2.23,3.17,2.79,side_crash,37.509,126.84
28,0,9,16,3,2.57,2.9,2.77,car_car,37.542,126.869
22,0,6,15,1,2,2.93,2.56,side_crash,37.567,126.99
17,1,10,5,1,2.33,2.53,2.45,car_car,37.521,126.846
12,1,6,5,0,1.67,1.87,1.79,side_crash,37.52,126.852
14,0,5,7,2,1.3,2.07,1.76,crossing,35.541,129.306
14,0,4,9,1,1.27,1.73,1.55,side_crash,37.509,126.84
11,0,4,7,0,1.13,1.47,1.33,crash_stop,37.52,126.852
10,0,3,7,0,0.97,1.17,1.09,side_crash,37.52,126.852
10,0,2,7,1,0.8,1,0.92,car_car,37.535,126.828
8,0,1,6,1,0.57,0.57,0.57,car_car,37.528,126.863
6,0,0,6,0,0.4,0.53,0.48,crash_stop,37.52,126.837
85,1,23,53,8,7.7,11.03,9.7,side_crash,37.513,127.1
66,4,18,39,7,6.27,10.83,9.01,side_crash,37.514,127.105
58,0,31,25,2,6.83,9.17,8.23,side_crash,37.262,127.049
69,0,21,44,4,6.43,8.27,7.53,side_crash,37.526,127.113
55,0,24,29,2,5.93,8.23,7.31,side_crash,37.492,127.114
54,1,22,25,6,5.67,8.37,7.29,side_crash,37.511,127.085
52,0,17,30,5,4.83,8.23,6.87,side_crash,37.47,127.126
49,0,17,30,2,4.83,8.23,6.87,side_crash,37.37,127.8
45,0,19,22,4,4.63,7.87,6.57,side_crash,37.493,127.11
51,0,23,26,2,5.57,6.93,6.39,side_crash,37.518,127.115
45,0,16,23,6,4.2,7.8,6.36,car_car,37.507,127.1
46,0,19,26,1,4.9,7,6.16,side_crash,37.489,127.107
41,0,20,16,5,4.4,7.3,6.14,side_crash,37.502,127.096
43,0,13,28,2,4.03,7.1,5.87,side_crash,37.343,127.987
50,0,15,29,6,4.43,6.33,5.57,side_crash,37.514,127.099
41,0,17,21,3,4.23,6,5.29,side_crash,34.514,135.797
40,0,16,22,2,4.13,5.7,5.07,side_crash,37.505,127.109
41,0,16,20,5,4,5.73,5.04,side_crash,37.503,127.088
40,0,16,23,1,4.2,5,4.68,side_crash,37.511,127.098
39,1,8,28,2,3.53,5.2,4.53,car_car,37.508,127.125
39,1,7,29,2,3.43,5.1,4.43,side_crash,37.501,127.11
45,0,11,29,5,3.77,4.83,4.41,side_crash,37.297,127.013
40,0,9,29,2,3.43,4.67,4.17,side_crash,37.506,127.098
39,0,10,23,6,3.2,4.8,4.16,side_crash,37.489,127.118
13,1,5,6,1,1.57,1.83,1.73,crossing,37.513,127.1
9,0,3,6,0,0.9,0.97,0.94,car_car,37.47,127.126
8,0,2,6,0,0.73,1,0.89,crash_stop,37.513,127.1
7,0,2,5,0,0.67,0.93,0.83,crash_stop,37.513,127.1
8,0,3,4,1,0.77,0.77,0.77,crash_stop,37.513,127.107
6,0,2,3,1,0.53,0.67,0.61,crash_driving,37.514,127.099
62,1,35,25,1,7.83,8.63,8.31,crossing,37.58,127.046
72,0,25,39,8,6.77,7.53,7.23,side_crash,37.579,127.038
68,0,15,52,1,5.97,7.63,6.97,side_crash,37.575,127.024
59,0,23,33,3,6.03,7.03,6.63,side_crash,37.591,127.068
51,1,16,28,6,4.87,7.47,6.43,side_crash,37.583,127.037
58,2,18,31,7,5.73,6.6,6.25,side_crash,37.578,127.033
49,1,18,25,5,5,6.27,5.76,crossing,37.588,127.065
42,1,16,23,2,4.53,5.73,5.25,side_crash,37.577,127.03
40,0,21,16,3,4.57,5.47,5.11,side_crash,37.575,127.031
48,0,14,29,5,4.27,5.57,5.05,crash_driving,37.588,127.053
44,0,18,24,2,4.6,5.27,5,car_car,37.578,127.034
42,0,15,23,4,4.03,5.13,4.69,side_crash,37.585,127.051
38,0,13,23,2,3.7,5.03,4.5,car_man,37.579,127.043
38,0,9,25,4,3.17,5,4.27,car_car,37.572,127.071
32,2,12,15,3,3.67,4.67,4.27,side_crash,37.572,127.057
38,0,16,18,4,3.87,4.47,4.23,side_crash,37.572,127.066
36,0,17,18,1,4.03,4.3,4.19,side_crash,37.575,127.037
37,0,14,19,4,3.6,4.3,4.02,car_car,37.57,127.026
33,0,17,13,3,3.7,4.23,4.02,crossing,37.577,127.057
42,0,12,23,7,3.53,4.33,4.01,car_car,37.589,127.057
37,0,11,21,5,3.23,4.23,3.83,car_car,37.573,127.038
41,0,7,31,3,3.23,4.03,3.71,side_crash,37.582,127.038
27,0,8,19,0,2.6,4.3,3.62,side_crash,37.58,127.046
34,1,11,18,4,3.37,3.57,3.49,car_car,37.565,127.054
13,1,8,4,0,1.93,2,1.97,car_car,37.579,127.038
11,0,3,7,1,0.97,1.23,1.13,car_car,37.586,127.047
7,0,1,6,0,0.57,1.5,1.13,crash_driving,37.588,127.065
8,0,1,7,0,0.63,0.9,0.79,car_car,37.577,127.03
6,0,2,4,0,0.6,0.87,0.76,car_car,37.591,127.068
6,0,1,5,0,0.5,0.5,0.5,side_crash,37.575,127.024
48,2,19,26,1,5.57,7.97,7.01,crash_driving,37.571,126.961
54,0,21,27,6,5.3,7.93,6.88,side_crash,37.299,127.03
46,0,18,24,4,4.6,5.43,5.1,side_crash,37.562,126.941
37,3,10,21,3,4.07,5.27,4.79,side_crash,37.591,126.941
34,0,11,18,5,3.03,5.53,4.53,side_crash,37.574,126.956
33,0,11,20,2,3.17,5.13,4.35,side_crash,37.565,126.938
32,1,7,24,0,3.1,4.43,3.9,side_crash,35.948,127.657
27,1,16,10,0,3.67,4,3.87,car_car,37.593,126.949
32,0,9,21,2,2.9,4.47,3.84,side_crash,37.586,126.946
27,0,10,14,3,2.6,3.9,3.38,side_crash,37.585,126.949
36,0,12,19,5,3.27,3.33,3.31,crossing,37.588,126.944
29,0,7,18,4,2.37,3.47,3.03,side_crash,37.563,126.929
23,1,8,10,4,2.33,3.4,2.97,side_crash,37.562,126.941
23,0,12,8,3,2.53,3.17,2.91,side_crash,37.569,126.931
20,1,9,8,2,2.37,3.23,2.89,car_car,37.568,126.916
24,0,7,15,2,2.17,3.23,2.81,side_crash,37.579,126.936
25,1,8,13,3,2.53,2.8,2.69,side_crash,37.574,126.912
23,0,9,10,4,2.17,2.83,2.57,crossing,37.582,126.95
25,0,5,15,5,1.83,2.63,2.31,side_crash,36.505,127.259
18,0,9,6,3,1.9,2.57,2.3,side_crash,37.593,126.949
26,0,4,15,7,1.67,2.4,2.11,side_crash,37.571,126.921
10,2,2,4,2,1.27,1.43,1.37,crossing,37.571,126.961
14,0,5,6,3,1.23,1.43,1.35,side_crash,37.571,126.961
8,2,2,4,0,1.27,1.27,1.27,crossing,37.588,126.944
9,1,3,4,1,1.1,1.33,1.24,side_crash,37.565,126.93
9,0,4,4,1,0.93,1.33,1.17,side_crash,37.565,126.938
9,0,3,5,1,0.83,1.17,1.03,car_man,37.588,126.944
10,0,1,8,1,0.7,0.83,0.78,crossing,37.565,126.966
5,0,3,1,1,0.57,0.63,0.61,side_crash,37.299,127.03
9,0,0,6,3,0.4,0.6,0.52,side_crash,37.299,127.03
49,0,18,30,1,5,6.83,6.1,side_crash,37.561,127.038
41,0,16,25,0,4.33,6.67,5.73,side_crash,34.744,128.663
35,0,13,19,3,3.43,5.6,4.73,car_car,37.778,126.878
33,0,13,17,3,3.3,5.57,4.66,side_crash,37.571,127.027
31,0,10,17,4,2.8,5.1,4.18,car_car,37.552,127.043
37,0,14,16,7,3.4,4.53,4.08,side_crash,37.557,127.033
31,0,15,15,1,3.5,4.03,3.82,car_car,37.565,127.036
27,1,6,18,2,2.53,4.2,3.53,car_car,37.549,127.036
27,0,8,16,3,2.4,4.27,3.52,crash_driving,37.537,127.034
24,0,13,10,1,2.83,3.87,3.45,side_crash,37.563,127.031
26,0,13,11,2,2.9,3.77,3.42,side_crash,37.57,127.026
18,1,13,3,1,2.7,3.8,3.36,side_crash,37.543,127.049
28,0,12,13,3,2.87,3.57,3.29,crossing,37.564,127.028
32,0,8,18,6,2.53,3,2.81,side_crash,37.563,127.031
21,0,10,10,1,2.33,2.8,2.61,side_crash,37.552,127.036
26,0,7,17,2,2.3,2.8,2.6,car_car,37.548,127.025
28,0,7,15,6,2.17,2.8,2.55,car_car,37.572,127.037
24,0,9,11,4,2.23,2.7,2.51,car_car,36.323,127.394
20,0,8,9,3,1.93,2.8,2.45,side_crash,37.567,127.025
20,0,11,6,3,2.23,2.5,2.39,side_crash,37.544,127.055
19,0,11,7,1,2.3,2.43,2.38,side_crash,37.57,127.038
22,0,8,11,3,2.07,2.13,2.11,side_crash,37.539,127.051
10,0,6,2,2,1.13,1.97,1.63,car_car,37.557,127.033
11,0,4,7,0,1.13,1.33,1.25,car_car,37.561,127.038
10,0,4,6,0,1.07,1.2,1.15,car_car,37.552,127.043
9,0,4,4,1,0.93,1.07,1.01,car_car,37.563,127.031
8,0,3,5,0,0.83,1.03,0.95,car_man,37.562,127.029
6,0,4,2,0,0.8,0.97,0.9,car_car,37.506,127.065
6,0,2,3,1,0.53,0.93,0.77,car_car,37.561,127.038
7,0,0,6,1,0.4,0.67,0.56,car_car,37.561,127.038
47,1,26,18,2,5.87,7.57,6.89,side_crash,37.558,127.006
44,0,23,21,0,5.23,7.03,6.31,side_crash,37.554,127.01
51,0,15,33,3,4.7,6.93,6.04,side_crash,37.565,126.976
48,2,13,31,2,4.9,6.03,5.58,side_crash,37.564,126.988
51,0,14,35,2,4.67,6.17,5.57,side_crash,37.565,127.016
54,0,15,33,6,4.7,6.1,5.54,side_crash,37.568,127.006
58,0,14,32,12,4.47,5.7,5.21,side_crash,37.738,127.045
55,0,7,39,9,3.77,5.63,4.89,side_crash,37.559,126.975
43,0,18,19,6,4.27,5.17,4.81,car_man,37.553,126.969
43,0,12,25,6,3.67,5.4,4.71,side_crash,37.566,126.982
30,0,18,12,0,3.8,4.87,4.44,side_crash,37.564,127.008
36,0,16,17,3,3.8,4.53,4.24,side_crash,37.559,126.97
40,0,11,26,3,3.57,4.57,4.17,crash_driving,40.755,-73.971
33,1,10,19,3,3.27,4.33,3.91,side_crash,37.56,126.969
34,0,9,24,1,3.1,4.3,3.82,side_crash,37.568,127.016
32,0,14,17,1,3.47,3.97,3.77,side_crash,37.56,127.013
33,0,11,20,2,3.17,4.13,3.75,crossing,37.562,126.941
36,0,13,20,3,3.5,3.9,3.74,side_crash,37.563,127.003
33,0,14,17,2,3.47,3.7,3.61,side_crash,37.903,127.727
35,0,9,23,3,3.03,3.97,3.59,side_crash,37.553,126.969
30,0,13,16,1,3.23,3.8,3.57,side_crash,37.563,126.987
32,0,9,19,4,2.77,3.97,3.49,side_crash,37.566,127.002
39,0,7,26,6,2.9,3.83,3.46,side_crash,40.764,-73.974
28,0,10,15,3,2.67,3.13,2.95,side_crash,37.553,126.969
20,0,7,13,0,2.03,3.03,2.63,side_crash,37.568,127.006
17,1,5,10,1,1.83,2.1,1.99,side_crash,37.553,126.969
18,0,4,12,2,1.47,1.87,1.71,side_crash,37.559,126.975
7,0,4,3,0,0.87,1.67,1.35,side_crash,37.563,127.003
12,0,2,9,1,0.93,1.47,1.25,side_crash,37.559,126.975
6,0,4,2,0,0.8,0.8,0.8,crossing,37.554,127.01
69,0,29,30,10,6.83,9.47,8.41,side_crash,37.599,127.1
73,0,24,35,14,6.33,9.6,8.29,side_crash,37.581,127.079
75,0,16,52,7,6.13,8.93,7.81,side_crash,37.595,127.08
63,1,21,38,3,6.37,7.6,7.11,side_crash,37.591,127.08
42,1,20,17,4,4.8,8.17,6.82,side_crash,37.596,127.084
54,0,18,29,7,4.93,7.17,6.27,side_crash,37.601,127.096
45,0,24,20,1,5.33,6.77,6.19,car_car,37.597,127.098
56,1,15,34,6,5.1,6.43,5.9,side_crash,37.597,127.098
48,1,14,32,1,4.8,5.7,5.34,side_crash,37.586,127.079
45,0,19,19,7,4.43,5.03,4.79,side_crash,37.588,127.087
53,0,14,29,10,4.27,5.07,4.75,side_crash,37.602,127.079
40,0,9,29,2,3.43,4.7,4.19,side_crash,37.58,127.088
31,1,13,15,2,3.5,4.53,4.12,side_crash,37.594,127.093
36,0,14,17,5,3.47,4.2,3.91,side_crash,37.606,127.092
33,0,14,14,5,3.27,4.33,3.91,car_car,37.614,127.081
33,0,13,17,3,3.3,4.17,3.82,side_crash,37.571,127.08
37,0,12,20,5,3.33,3.73,3.57,side_crash,37.599,127.092
32,1,12,16,3,3.4,3.67,3.56,crossing,37.61,127.077
36,0,10,21,5,3.07,3.67,3.43,side_crash,37.593,127.074
36,0,12,15,9,3,3.67,3.4,side_crash,37.589,127.084
41,1,7,23,10,3.03,3.63,3.39,side_crash,37.598,127.087
18,0,5,13,0,1.7,1.77,1.74,side_crash,37.599,127.1
12,0,3,8,1,1.03,1.3,1.19,crossing,37.601,127.096
9,0,2,6,1,0.73,0.87,0.81,side_crash,37.599,127.1
7,0,2,3,2,0.53,0.77,0.67,side_crash,37.586,127.079
5,0,2,2,1,0.47,0.8,0.67,crossing,37.588,127.087
6,0,1,4,1,0.43,0.7,0.59,side_crash,37.596,127.084
7,0,2,2,3,0.47,0.47,0.47,side_crash,37.581,127.079
6,0,2,2,2,0.47,0.47,0.47,side_crash,37.592,127.083
6,0,1,4,1,0.43,0.5,0.47,side_crash,37.586,127.079
73,0,20,48,5,6.53,11.57,9.55,car_car,37.512,127.021
94,0,17,68,9,7.37,10.43,9.21,car_car,37.504,127.024
71,0,21,44,6,6.43,10.87,9.09,side_crash,37.516,127.019
85,0,21,54,10,7.1,9.7,8.66,crash_driving,37.514,127.031
75,0,16,53,6,6.2,8.8,7.76,car_car,37.503,127.044
59,0,22,31,6,5.73,7.93,7.05,car_car,52.379,4.90027
58,0,18,35,5,5.33,8.13,7.01,side_crash,37.489,127.031
59,0,16,41,2,5.4,8.03,6.98,car_car,37.524,127.047
56,0,19,33,4,5.37,7.83,6.85,car_car,37.518,127.034
53,0,18,35,0,5.33,7.8,6.81,car_car,37.537,127.034
62,1,12,44,5,5.27,7.67,6.71,side_crash,37.493,127.029
45,1,17,27,0,4.97,7.87,6.71,crash_driving,37.469,127.064
55,0,16,35,4,5,7.8,6.68,car_car,37.524,127.035
50,0,17,31,2,4.9,7.83,6.66,side_crash,37.492,127.046
55,0,18,33,4,5.2,7.3,6.46,side_crash,37.487,127.101
57,0,15,41,1,5.23,7.13,6.37,car_car,37.506,127.033
56,0,18,35,3,5.33,6.9,6.27,side_crash,37.504,127.048
63,0,7,51,5,4.57,7.3,6.21,car_car,36.355,127.381
53,0,17,30,6,4.83,6.97,6.11,side_crash,35.412,127.382
42,1,15,21,5,4.23,7.3,6.07,car_car,34.063,-118.3
46,0,16,28,2,4.53,6.6,5.77,side_crash,37.51,127.038
50,0,14,32,4,4.47,6.2,5.51,car_car,37.513,127.057
48,0,15,28,5,4.37,5.97,5.33,side_crash,37.5,127.051
40,1,16,21,2,4.4,5.27,4.92,side_crash,37.508,127.063
46,0,10,32,4,3.8,4.83,4.42,car_car,37.5,127.069
34,1,11,18,4,3.37,4.67,4.15,car_car,37.516,127.036
21,1,5,14,1,2.1,3.2,2.76,side_crash,37.504,127.024
13,0,1,9,3,0.77,1.43,1.17,car_car,37.516,127.019
13,0,1,9,3,0.77,1.07,0.95,car_car,37.504,127.024
7,0,1,6,0,0.57,0.97,0.81,crash_driving,37.514,127.031
86,0,20,61,5,7.4,11.1,9.62,side_crash,37.535,126.898
64,0,23,39,2,6.43,10.8,9.05,side_crash,37.487,126.897
59,0,25,32,2,6.3,10.73,8.96,car_car,37.533,126.937
69,1,19,46,3,6.57,8.87,7.95,side_crash,37.518,126.912
64,1,24,33,6,6.53,8.2,7.53,side_crash,37.515,126.907
59,0,16,42,1,5.47,8.5,7.29,side_crash,37.518,126.933
38,0,17,20,1,4.17,7.9,6.41,side_crash,37.565,126.982
42,0,17,23,2,4.37,6.8,5.83,side_crash,37.512,126.898
48,1,16,28,3,4.87,6.13,5.63,side_crash,37.526,126.896
46,1,9,31,5,3.9,6.53,5.48,side_crash,37.509,126.911
40,0,11,28,1,3.7,6.27,5.24,side_crash,37.515,126.902
44,0,10,33,1,3.87,5.9,5.09,side_crash,37.526,126.912
41,0,9,30,2,3.5,5.63,4.78,side_crash,37.522,126.893
36,0,15,17,4,3.63,5.53,4.77,side_crash,37.509,126.896
36,2,6,25,3,3.33,5.63,4.71,side_crash,37.487,126.897
47,0,9,33,5,3.7,5.17,4.58,side_crash,37.527,126.895
39,1,10,25,3,3.67,5.17,4.57,side_crash,37.53,126.905
37,1,18,14,4,4.27,4.67,4.51,side_crash,37.52,126.904
36,0,10,23,3,3.2,5.3,4.46,side_crash,37.503,126.904
32,0,15,15,2,3.5,4.9,4.34,car_man,35.026,126.784
40,0,9,29,2,3.43,4.8,4.25,side_crash,37.516,126.88
31,1,13,16,1,3.57,4.67,4.23,crossing,37.507,126.907
33,0,11,20,2,3.17,4.67,4.07,side_crash,37.519,126.895
36,0,11,19,6,3.1,3.57,3.38,side_crash,37.567,126.929
23,0,10,11,2,2.4,3.47,3.04,crash_driving,37.518,126.912
21,1,7,11,2,2.23,2.43,2.35,crossing,37.515,126.907
18,0,7,11,0,1.9,2.3,2.14,side_crash,37.518,126.912
16,0,4,10,2,1.33,1.87,1.65,side_crash,37.515,126.907
9,0,1,7,1,0.63,0.97,0.83,side_crash,37.515,126.907
5,0,3,2,0,0.63,0.7,0.67,car_car,37.518,126.912
59,1,16,31,11,5.07,6.57,5.97,side_crash,37.662,127.055
47,1,13,30,3,4.5,6.73,5.84,side_crash,37.645,127.063
55,0,14,38,3,4.87,6.23,5.69,side_crash,37.618,127.075
43,0,15,28,0,4.37,6.5,5.65,side_crash,37.652,127.054
32,0,19,11,2,3.9,5.03,4.58,side_crash,37.673,127.054
39,0,8,28,3,3.2,4.97,4.26,side_crash,37.656,127.063
29,1,14,13,1,3.53,4.53,4.13,crossing,37.629,127.071
31,1,9,19,2,3.1,4.7,4.06,side_crash,37.621,127.087
27,0,7,16,4,2.23,5.03,3.91,side_crash,37.669,127.058
39,0,9,27,3,3.3,4.3,3.9,side_crash,37.635,127.068
38,0,9,27,2,3.3,4.2,3.84,side_crash,37.645,127.055
28,0,10,16,2,2.73,4.53,3.81,side_crash,37.66,127.073
31,0,9,22,0,2.97,4.27,3.75,side_crash,37.637,127.075
34,0,14,17,3,3.47,3.93,3.75,side_crash,37.602,127.143
34,0,11,22,1,3.3,4,3.72,side_crash,36.777,127.21
31,0,13,15,3,3.17,3.77,3.53,side_crash,37.649,127.067
28,1,11,16,0,3.23,3.6,3.45,crossing,37.628,127.056
27,0,11,14,2,2.77,3.53,3.23,car_car,37.677,127.055
32,0,7,21,4,2.57,3.37,3.05,side_crash,37.625,127.072
26,0,10,14,2,2.6,3.33,3.04,side_crash,37.647,127.075
27,0,7,18,2,2.37,3.43,3.01,side_crash,37.665,127.057
24,1,10,12,1,2.8,3.13,3,side_crash,37.636,127.068
24,1,6,16,1,2.4,3.27,2.92,crash_stop,37.629,127.055
22,0,8,14,0,2.27,3.07,2.75,side_crash,37.625,127.09
31,0,4,23,4,2.2,2.73,2.52,side_crash,37.656,127.067
24,0,9,12,3,2.3,2.43,2.38,side_crash,37.615,127.065
7,0,2,4,1,0.6,0.83,0.74,crash_driving,37.645,127.063
6,0,1,5,0,0.5,0.7,0.62,crash_stop,37.628,127.056
5,0,1,4,0,0.43,0.63,0.55,car_car,37.662,127.055
5,0,0,4,1,0.27,0.4,0.35,car_car,37.618,127.075
70,0,29,37,4,7.3,10.57,9.26,side_crash,37.535,126.973
66,0,27,36,3,6.9,10.5,9.06,side_crash,37.529,126.964
47,1,15,29,2,4.77,7,6.11,side_crash,37.533,127.008
49,0,13,33,3,4.37,6.57,5.69,side_crash,37.537,126.987
46,0,12,33,1,4.2,5.6,5.04,side_crash,37.517,126.958
47,0,15,29,3,4.43,5,4.77,car_man,37.534,126.995
40,0,13,24,3,3.77,5.23,4.65,side_crash,37.529,126.969
38,0,11,26,1,3.57,4.47,4.11,side_crash,37.545,126.971
34,0,7,26,1,2.9,4.7,3.98,side_crash,37.528,127.141
24,0,11,12,1,2.63,4.57,3.79,crash_driving,37.524,127.015
31,0,12,18,1,3.2,4.13,3.76,side_crash,37.545,126.972
29,1,10,17,1,3.13,4.13,3.73,crash_driving,37.534,126.985
21,0,14,6,1,2.73,4.3,3.67,side_crash,37.527,126.967
36,2,5,26,3,3.23,3.9,3.63,side_crash,37.538,126.965
33,1,11,18,3,3.37,3.6,3.51,car_man,37.534,126.994
32,0,13,16,3,3.23,3.63,3.47,car_man,37.534,126.994
29,0,11,18,0,3.03,3.73,3.45,side_crash,37.54,126.971
24,0,10,12,2,2.47,3.13,2.87,side_crash,37.52,126.994
24,0,10,12,2,2.47,3.13,2.87,car_car,37.534,126.994
23,0,8,13,2,2.2,3.13,2.76,side_crash,40.904,-74.124
22,0,11,8,3,2.37,2.93,2.71,crash_stop,37.538,126.963
26,0,8,18,0,2.53,2.8,2.69,side_crash,37.526,127
27,0,6,19,2,2.27,2.93,2.67,side_crash,37.534,126.985
10,0,4,6,0,1.07,1.47,1.31,side_crash,37.534,126.994
9,0,3,6,0,0.9,1.27,1.12,side_crash,37.535,126.973
7,0,3,4,0,0.77,0.83,0.81,side_crash,37.536,126.987
8,0,1,7,0,0.63,0.77,0.71,side_crash,37.535,126.973
8,0,2,5,1,0.67,0.67,0.67,car_man,37.526,127
6,0,2,4,0,0.6,0.6,0.6,crossing,37.534,126.994
7,0,0,7,0,0.47,0.47,0.47,car_man,35.712,127.521
89,0,25,57,7,7.97,13,10.99,side_crash,37.467,126.898
76,1,22,50,3,7.33,12.03,10.15,side_crash,37.454,126.9
40,1,10,27,2,3.8,8.7,6.74,side_crash,37.461,126.9
49,1,17,28,3,5.03,7.83,6.71,side_crash,37.471,126.898
33,1,10,21,1,3.4,5.63,4.74,side_crash,37.475,126.899
35,1,7,25,2,3.17,5.57,4.61,side_crash,37.438,126.9
39,0,8,30,1,3.33,4.87,4.25,side_crash,37.484,126.878
35,0,14,19,2,3.6,4.37,4.06,side_crash,37.503,126.89
29,0,14,14,1,3.27,4.5,4.01,side_crash,37.469,126.903
35,0,11,23,1,3.37,4.03,3.77,side_crash,37.476,126.904
34,0,11,18,5,3.03,3.77,3.47,side_crash,37.47,126.898
29,1,7,19,2,2.77,3.6,3.27,side_crash,37.456,126.895
25,0,11,13,1,2.7,3.6,3.24,crossing,37.469,126.895
31,0,9,19,3,2.77,3.4,3.15,side_crash,37.478,126.888
27,0,11,15,1,2.83,3.3,3.11,side_crash,37.46,126.908
30,0,10,16,4,2.73,3.37,3.11,side_crash,37.451,126.9
27,0,9,18,0,2.7,3.37,3.1,crash_stop,37.458,126.906
26,0,11,10,5,2.5,3.47,3.08,side_crash,36.993,127.436
20,2,8,8,2,2.53,3.43,3.07,side_crash,37.475,126.903
26,0,10,14,2,2.6,3.37,3.06,side_crash,37.472,126.903
24,0,11,12,1,2.63,3.3,3.03,side_crash,37.455,126.797
27,0,9,18,0,2.7,2.83,2.78,crossing,37.452,126.908
29,0,5,24,0,2.43,2.9,2.71,side_crash,37.452,126.906
23,0,8,14,1,2.27,2.4,2.35,side_crash,37.469,126.903
16,0,5,10,1,1.5,1.83,1.7,car_man,37.454,126.9
14,0,2,11,1,1.07,1.57,1.37,car_car,37.454,126.9
11,0,2,9,0,0.93,1.2,1.09,side_crash,37.471,126.898
7,0,4,2,1,0.8,1.17,1.02,side_crash,37.469,126.895
8,0,1,6,1,0.57,1.23,0.97,side_crash,37.454,126.9
5,0,1,4,0,0.43,0.63,0.55,crash_driving,37.47,126.898
70,1,12,52,5,5.8,9.37,7.94,car_car,37.541,126.84
28,2,11,15,1,3.17,10.83,7.77,car_car,37.563,126.821
58,1,19,36,2,5.9,8.67,7.56,side_crash,37.55,126.849
65,0,17,46,2,5.9,8.27,7.32,car_car,37.696,126.838
37,3,16,17,1,4.8,8,6.72,car_car,37.551,126.864
43,0,17,24,2,4.43,6.87,5.89,car_car,37.486,126.897
33,1,15,16,1,3.9,6.37,5.38,car_car,37.526,126.851
30,1,11,16,2,3.23,6.23,5.03,car_car,37.558,126.837
52,0,12,33,7,4.2,5.47,4.96,car_car,37.539,126.829
34,1,18,13,2,4.2,5.23,4.82,side_crash,37.563,126.859
41,0,11,28,2,3.7,5.43,4.74,car_car,37.561,126.854
28,5,11,13,0,4.03,5.13,4.69,car_man,37.561,126.812
23,3,11,8,1,3.37,4.87,4.27,car_car,37.547,126.88
28,1,13,13,1,3.37,4.07,3.79,car_car,37.549,126.842
32,0,9,20,3,2.83,4.03,3.55,car_car,37.553,126.835
30,1,9,19,1,3.1,3.83,3.54,car_car,37.568,126.841
26,1,12,13,0,3.2,3.53,3.4,crossing,37.55,126.849
30,0,10,18,2,2.87,3.57,3.29,car_car,37.543,126.846
33,0,8,24,1,2.93,3.5,3.27,car_car,37.539,126.829
29,0,12,14,3,2.93,3.27,3.13,side_crash,37.543,126.846
35,0,6,26,3,2.73,3.27,3.05,car_man,37.543,126.846
32,0,4,24,4,2.27,3.23,2.85,car_car,37.531,126.846
17,0,6,10,1,1.67,2.07,1.91,car_car,37.552,126.842
18,0,5,12,1,1.63,2.03,1.87,car_car,37.55,126.849
14,0,5,9,0,1.43,1.97,1.75,car_car,37.486,126.897
11,0,4,6,1,1.07,1.73,1.47,car_car,37.551,126.864
12,0,4,6,2,1.07,1.37,1.25,car_car,37.551,126.864
9,0,2,6,1,0.73,0.87,0.81,crossing,37.539,126.829
6,0,2,4,0,0.6,0.67,0.64,side_crash,37.561,126.854
5,0,0,4,1,0.27,0.33,0.31,car_man,37.696,126.838
51,0,18,31,2,5.07,7.2,6.35,car_car,37.504,127.01
49,0,17,31,1,4.9,7.17,6.26,side_crash,37.484,127.011
42,2,8,31,2,3.73,6.57,5.43,crash_driving,37.515,126.996
39,1,12,26,0,4.07,6.03,5.25,side_crash,37.488,126.966
40,0,12,25,3,3.67,6.07,5.11,car_car,37.505,127.007
44,0,13,28,3,4.03,5.6,4.97,car_car,37.504,127.002
42,0,13,29,0,4.1,5.47,4.92,side_crash,37.466,127.034
46,0,11,31,4,3.9,5.23,4.7,side_crash,37.476,126.981
41,0,10,30,1,3.67,5.3,4.65,side_crash,37.499,126.984
35,0,19,14,2,4.1,4.97,4.62,side_crash,37.476,127.051
38,1,12,24,1,3.93,5.07,4.61,side_crash,37.496,127.022
32,0,14,18,0,3.53,5.33,4.61,crash_driving,37.478,127.011
43,0,10,30,3,3.67,5.13,4.55,side_crash,37.503,127.018
38,0,8,28,2,3.2,5.23,4.42,side_crash,37.466,127.034
34,0,11,21,2,3.23,4.97,4.27,side_crash,35.512,129.335
38,0,14,21,3,3.73,4.47,4.17,car_car,36.898,127.536
34,0,11,23,0,3.37,4.17,3.85,crossing,37.492,126.981
29,0,12,16,1,3.07,4.33,3.83,side_crash,37.491,127.007
24,1,10,12,1,2.8,4.2,3.64,car_car,37.483,127.029
27,0,11,16,0,2.9,4.13,3.64,car_car,37.478,127.008
28,0,14,14,0,3.27,3.8,3.59,crossing,37.505,127.007
31,0,10,19,2,2.93,3.5,3.27,car_car,37.504,127.024
29,0,7,21,1,2.57,3.5,3.13,car_car,38.02,127.071
28,0,9,17,2,2.63,3.3,3.03,car_car,37.501,127.004
36,0,9,20,7,2.83,3.1,2.99,side_crash,37.493,127.014
11,1,1,9,0,1.1,1.63,1.42,car_car,37.476,126.981
9,0,1,8,0,0.7,1.23,1.02,side_crash,37.504,127.002
8,0,2,6,0,0.73,1,0.89,crash_driving,37.476,126.981
6,0,2,4,0,0.6,0.8,0.72,crossing,37.484,127.011
7,0,1,4,2,0.43,0.43,0.43,face_crash,37.491,127.007
57,0,27,28,2,6.37,10.23,8.69,car_car,37.539,127.146
55,0,22,31,2,5.73,8.93,7.65,car_car,37.538,127.123
56,0,20,34,2,5.6,8.73,7.48,car_car,37.536,127.135
39,0,16,22,1,4.13,6.87,5.77,crash_stop,37.54,127.155
38,1,13,23,1,4.03,6.13,5.29,car_car,37.544,127.113
45,1,13,29,2,4.43,5.23,4.91,side_crash,37.544,126.942
34,0,14,20,0,3.67,5.43,4.73,side_crash,37.525,127.137
36,0,11,24,1,3.43,5.3,4.55,car_car,37.54,127.137
33,0,10,21,2,3.07,5.27,4.39,car_car,37.527,127.136
31,1,7,22,1,2.97,5.03,4.21,side_crash,37.52,127.121
29,1,11,16,1,3.23,4.13,3.77,car_man,37.536,127.133
33,0,13,19,1,3.43,3.9,3.71,car_man,37.543,127.125
18,0,9,9,0,2.1,4.67,3.64,car_car,37.539,127.146
26,0,10,14,2,2.6,3.47,3.12,car_car,37.574,127.019
28,0,8,20,0,2.67,3.4,3.11,side_crash,37.52,127.14
29,0,11,16,2,2.9,3.2,3.08,car_car,37.542,127.128
25,0,7,17,1,2.3,3.53,3.04,car_car,37.521,127.133
27,0,10,16,1,2.73,2.93,2.85,car_man,37.542,127.128
26,0,10,15,1,2.67,2.73,2.71,side_crash,37.523,127.136
26,0,7,17,2,2.3,2.83,2.62,car_car,37.536,127.135
21,0,10,10,1,2.33,2.8,2.61,car_man,37.537,127.139
23,0,9,11,3,2.23,2.73,2.53,car_car,37.3,126.978
25,0,5,19,1,2.1,2.8,2.52,car_car,37.539,127.146
22,1,6,13,2,2.2,2.67,2.48,car_car,37.536,127.135
24,0,7,16,1,2.23,2.43,2.35,crossing,37.536,127.135
13,0,7,6,0,1.57,1.77,1.69,crossing,37.538,127.123
11,0,5,5,1,1.17,1.5,1.37,car_car,37.544,126.942
8,0,1,7,0,0.63,1.1,0.91,crash_stop,37.54,127.155
7,0,2,5,0,0.67,0.93,0.83,crash_driving,37.539,127.146
5,0,1,4,0,0.43,0.43,0.43,car_man,37.538,127.123
77,0,26,50,1,7.67,11.17,9.77,car_car,37.459,126.951
79,0,22,52,5,7.13,10.13,8.93,car_car,37.481,126.914
73,1,15,49,8,6.1,9.43,8.1,car_car,37.484,126.929
65,0,22,37,6,6.13,7.67,7.05,side_crash,37.489,126.927
63,0,14,43,6,5.2,7.7,6.7,side_crash,37.661,126.835
43,0,15,26,2,4.23,6.6,5.65,side_crash,37.485,126.901
49,0,16,29,4,4.6,6.27,5.6,side_crash,37.466,126.933
54,0,8,42,4,4.13,5.83,5.15,side_crash,37.459,126.951
36,2,16,17,2,4.13,5.7,5.07,crossing,37.492,126.925
37,0,16,20,1,4,5.6,4.96,car_car,37.482,126.941
45,0,13,28,4,4.03,5.27,4.77,car_car,37.478,126.951
45,0,14,25,6,4,4.9,4.54,side_crash,37.483,126.926
37,2,10,21,4,3.73,4.57,4.23,side_crash,37.487,126.897
35,1,12,21,1,3.73,4.57,4.23,car_car,37.485,126.934
36,0,11,23,2,3.37,4.63,4.13,side_crash,37.476,126.958
39,0,11,23,5,3.37,4.3,3.93,side_crash,37.484,126.932
45,1,5,33,6,3.37,4.23,3.89,crossing,37.564,126.997
38,0,9,24,5,3.1,4.23,3.78,car_car,37.534,126.946
33,0,5,28,0,2.7,4.5,3.78,side_crash,37.484,126.929
20,0,4,14,2,1.6,2.13,1.92,side_crash,37.484,126.929
14,0,5,9,0,1.43,1.83,1.67,car_car,37.485,126.934
12,0,4,7,1,1.13,1.8,1.53,car_car,37.489,126.927
16,0,4,12,0,1.47,1.53,1.51,side_crash,37.484,126.929
11,0,3,8,0,1.03,1.5,1.31,crash_driving,37.489,126.927
10,0,4,5,1,1,1.47,1.28,car_car,37.459,126.951
9,0,3,6,0,0.9,1.37,1.18,crash_driving,37.661,126.835
12,0,3,8,1,1.03,1.23,1.15,side_crash,37.481,126.914
12,0,2,8,2,0.87,1,0.95,side_crash,37.483,126.926
11,0,1,9,1,0.77,1.03,0.93,car_car,37.459,126.951
7,0,0,7,0,0.47,0.53,0.51,car_car,37.459,126.951
62,1,29,29,3,7.1,9.37,8.46,side_crash,37.602,127.039
71,1,23,47,0,7.3,8.83,8.22,side_crash,37.603,127.026
58,0,20,33,5,5.53,7,6.41,crash_driving,37.603,127.032
51,0,19,32,0,5.3,6.9,6.26,side_crash,37.581,127.01
52,0,16,35,1,5,6.77,6.06,side_crash,37.589,127.018
52,0,17,30,5,4.83,6.47,5.81,side_crash,37.612,127.06
51,0,13,37,1,4.63,6.6,5.81,side_crash,37.591,127.022
38,1,13,24,0,4.1,5.37,4.86,crossing,37.597,127.02
34,0,17,15,2,3.83,5.53,4.85,crossing,37.591,127.022
37,0,10,25,2,3.33,5.67,4.73,side_crash,37.614,127
34,0,19,14,1,4.1,4.93,4.6,side_crash,37.599,127.035
35,1,4,29,1,2.93,5.33,4.37,crash_driving,37.609,126.997
32,1,11,19,1,3.43,4.8,4.25,crossing,37.524,126.931
33,0,8,24,1,2.93,5,4.17,side_crash,37.601,127.041
40,0,8,28,4,3.2,4.37,3.9,side_crash,37.589,127.018
32,0,12,18,2,3.2,4.3,3.86,side_crash,37.61,127.056
32,0,9,22,1,2.97,4.23,3.73,side_crash,37.611,127.049
29,0,6,21,2,2.4,4.03,3.38,side_crash,37.603,127.032
30,0,9,19,2,2.77,3.4,3.15,side_crash,37.585,127.019
32,0,9,20,3,2.83,3.23,3.07,side_crash,37.598,127.025
31,0,8,21,2,2.73,3.13,2.97,side_crash,37.606,127.027
23,0,10,12,1,2.47,2.77,2.65,side_crash,37.602,127.032
22,0,5,16,1,1.9,2.83,2.46,side_crash,37.603,127.026
21,0,2,19,0,1.6,2.4,2.08,side_crash,37.603,127.026
12,0,6,4,2,1.27,1.63,1.49,crash_stop,37.591,127.022
11,0,4,5,2,1,1.13,1.08,side_crash,37.603,127.032
10,0,4,5,1,1,1.13,1.08,crossing,37.602,127.039
11,0,3,8,0,1.03,1.1,1.07,crossing,37.603,127.024
8,0,3,5,0,0.83,0.9,0.87,car_man,37.597,127.02
6,0,3,3,0,0.7,0.83,0.78,side_crash,37.589,127.018
86,1,28,52,5,8.47,11.2,10.11,side_crash,37.57,126.985
97,0,24,61,12,8.07,10.1,9.29,side_crash,37.573,127.018
84,0,15,60,9,6.5,9.33,8.2,side_crash,37.585,127.001
83,0,12,60,11,6,7.4,6.84,side_crash,37.571,127.009
43,0,20,22,1,4.8,7.77,6.58,side_crash,37.57,126.976
60,0,21,31,8,5.57,7.07,6.47,side_crash,37.57,126.992
35,5,18,10,2,5.33,6.3,5.91,crossing,37.574,126.99
56,0,18,30,8,5,6.37,5.82,side_crash,37.569,127.005
48,0,12,29,7,3.93,5.87,5.09,side_crash,37.571,126.998
40,2,10,24,4,3.93,5.13,4.65,side_crash,37.574,127.019
36,0,15,17,4,3.63,5.2,4.57,side_crash,37.57,126.983
49,0,10,28,11,3.53,5.13,4.49,side_crash,37.576,126.996
44,0,13,19,12,3.43,4.8,4.25,side_crash,37.576,127.002
34,0,12,18,4,3.2,3.97,3.66,side_crash,37.574,126.971
39,0,10,24,5,3.27,3.9,3.65,side_crash,37.582,127.001
33,2,8,18,5,3.2,3.83,3.58,crossing,37.57,127.008
34,0,8,19,7,2.6,3.27,3,side_crash,37.74,127.042
28,0,4,18,6,1.87,3.27,2.71,side_crash,37.585,127.001
26,0,6,11,9,1.73,1.93,1.85,crossing,37.57,127.008
13,0,5,7,1,1.3,1.73,1.56,side_crash,37.571,126.988
17,0,1,14,2,1.1,1.7,1.46,side_crash,37.573,127.018
12,0,1,11,0,0.9,1.3,1.14,side_crash,37.57,126.976
11,0,3,7,1,0.97,1.17,1.09,side_crash,37.74,127.042
9,0,3,6,0,0.9,1.03,0.98,driveway,37.569,126.986
12,0,2,8,2,0.87,0.93,0.91,side_crash,37.573,127.018
10,0,2,7,1,0.8,0.93,0.88,side_crash,37.585,127.001
7,0,4,2,1,0.8,0.93,0.88,crash_driving,37.57,126.992
10,0,0,8,2,0.53,0.8,0.69,side_crash,37.582,127.001
5,0,3,2,0,0.63,0.63,0.63,side_crash,37.57,126.985
5,0,0,4,1,0.27,0.27,0.27,crash_stop,37.571,127.009
83,0,17,62,4,6.97,10.83,9.29,side_crash,37.54,127.079
42,0,13,27,2,3.97,8.27,6.55,side_crash,37.548,127.08
51,0,16,32,3,4.8,7.03,6.14,car_car,37.557,127.079
51,0,17,30,4,4.83,6.63,5.91,side_crash,37.545,127.085
46,1,13,29,3,4.43,6.8,5.85,side_crash,37.542,127.063
43,0,17,24,2,4.43,6.6,5.73,car_car,37.545,127.103
44,1,14,27,2,4.47,6.13,5.47,side_crash,37.559,127.073
41,1,15,24,1,4.43,5.27,4.93,car_car,37.552,127.089
44,0,12,29,3,3.93,5.53,4.89,side_crash,37.546,127.066
37,0,12,23,2,3.53,5.33,4.61,side_crash,37.532,127.084
34,1,12,20,1,3.67,4.77,4.33,side_crash,37.557,127.079
37,0,6,29,2,2.93,4.8,4.05,side_crash,37.537,127.06
36,0,12,22,2,3.47,4.33,3.99,side_crash,37.54,127.079
34,0,13,17,4,3.3,4.4,3.96,car_car,37.564,127.076
28,0,11,15,2,2.83,4.43,3.79,side_crash,52.379,4.90027
27,0,13,12,2,2.97,4.3,3.77,side_crash,37.536,127.076
25,0,13,12,0,2.97,3.5,3.29,crash_driving,37.552,127.089
30,0,12,12,6,2.8,3.23,3.06,side_crash,37.536,127.083
23,0,14,8,1,2.87,3.1,3.01,side_crash,37.568,127.086
27,0,9,17,1,2.63,2.9,2.79,side_crash,37.521,127.054
28,0,7,20,1,2.5,2.93,2.76,side_crash,37.54,127.079
11,0,6,5,0,1.33,1.8,1.61,car_car,37.545,127.103
14,0,5,9,0,1.43,1.57,1.51,car_car,37.54,127.079
12,0,3,8,1,1.03,1.57,1.35,side_crash,37.557,127.079
12,0,1,9,2,0.77,0.97,0.89,car_man,37.54,127.079
7,0,2,5,0,0.67,0.9,0.81,side_crash,37.545,127.103
6,0,3,3,0,0.7,0.83,0.78,car_car,37.559,127.073
9,0,1,7,1,0.63,0.83,0.75,car_car,37.54,127.079
5,0,3,2,0,0.63,0.63,0.63,car_man,37.54,127.079
8,0,1,4,3,0.43,0.5,0.47,car_man,37.546,127.066
83,0,17,62,4,6.97,10.83,9.29,side_crash,37.54,127.079
42,0,13,27,2,3.97,8.27,6.55,side_crash,37.548,127.08
51,0,16,32,3,4.8,7.03,6.14,car_car,37.557,127.079
51,0,17,30,4,4.83,6.63,5.91,side_crash,37.545,127.085
46,1,13,29,3,4.43,6.8,5.85,side_crash,37.542,127.063
43,0,17,24,2,4.43,6.6,5.73,car_car,37.545,127.103
44,1,14,27,2,4.47,6.13,5.47,side_crash,37.559,127.073
41,1,15,24,1,4.43,5.27,4.93,car_car,37.552,127.089
44,0,12,29,3,3.93,5.53,4.89,side_crash,37.546,127.066
37,0,12,23,2,3.53,5.33,4.61,side_crash,37.532,127.084
34,1,12,20,1,3.67,4.77,4.33,side_crash,37.557,127.079
37,0,6,29,2,2.93,4.8,4.05,side_crash,37.537,127.06
36,0,12,22,2,3.47,4.33,3.99,side_crash,37.54,127.079
34,0,13,17,4,3.3,4.4,3.96,car_car,37.564,127.076
28,0,11,15,2,2.83,4.43,3.79,side_crash,52.379,4.90027
27,0,13,12,2,2.97,4.3,3.77,side_crash,37.536,127.076
25,0,13,12,0,2.97,3.5,3.29,crash_driving,37.552,127.089
30,0,12,12,6,2.8,3.23,3.06,side_crash,37.536,127.083
23,0,14,8,1,2.87,3.1,3.01,side_crash,37.568,127.086
27,0,9,17,1,2.63,2.9,2.79,side_crash,37.521,127.054
28,0,7,20,1,2.5,2.93,2.76,side_crash,37.54,127.079
11,0,6,5,0,1.33,1.8,1.61,car_car,37.545,127.103
14,0,5,9,0,1.43,1.57,1.51,car_car,37.54,127.079
12,0,3,8,1,1.03,1.57,1.35,side_crash,37.557,127.079
12,0,1,9,2,0.77,0.97,0.89,car_man,37.54,127.079
7,0,2,5,0,0.67,0.9,0.81,side_crash,37.545,127.103
6,0,3,3,0,0.7,0.83,0.78,car_car,37.559,127.073
9,0,1,7,1,0.63,0.83,0.75,car_car,37.54,127.079
5,0,3,2,0,0.63,0.63,0.63,car_man,37.54,127.079
8,0,1,4,3,0.43,0.5,0.47,car_man,37.546,127.066
83,0,17,62,4,6.97,10.83,9.29,side_crash,37.54,127.079
42,0,13,27,2,3.97,8.27,6.55,side_crash,37.548,127.08
51,0,16,32,3,4.8,7.03,6.14,car_car,37.557,127.079
51,0,17,30,4,4.83,6.63,5.91,side_crash,37.545,127.085
46,1,13,29,3,4.43,6.8,5.85,side_crash,37.542,127.063
43,0,17,24,2,4.43,6.6,5.73,car_car,37.545,127.103
44,1,14,27,2,4.47,6.13,5.47,side_crash,37.559,127.073
41,1,15,24,1,4.43,5.27,4.93,car_car,37.552,127.089
44,0,12,29,3,3.93,5.53,4.89,side_crash,37.546,127.066
37,0,12,23,2,3.53,5.33,4.61,side_crash,37.532,127.084
34,1,12,20,1,3.67,4.77,4.33,side_crash,37.557,127.079
37,0,6,29,2,2.93,4.8,4.05,side_crash,37.537,127.06
36,0,12,22,2,3.47,4.33,3.99,side_crash,37.54,127.079
34,0,13,17,4,3.3,4.4,3.96,car_car,37.564,127.076
28,0,11,15,2,2.83,4.43,3.79,side_crash,52.379,4.90027
27,0,13,12,2,2.97,4.3,3.77,side_crash,37.536,127.076
25,0,13,12,0,2.97,3.5,3.29,crash_driving,37.552,127.089
30,0,12,12,6,2.8,3.23,3.06,side_crash,37.536,127.083
23,0,14,8,1,2.87,3.1,3.01,side_crash,37.568,127.086
27,0,9,17,1,2.63,2.9,2.79,side_crash,37.521,127.054
28,0,7,20,1,2.5,2.93,2.76,side_crash,37.54,127.079
11,0,6,5,0,1.33,1.8,1.61,car_car,37.545,127.103
14,0,5,9,0,1.43,1.57,1.51,car_car,37.54,127.079
12,0,3,8,1,1.03,1.57,1.35,side_crash,37.557,127.079
12,0,1,9,2,0.77,0.97,0.89,car_man,37.54,127.079
7,0,2,5,0,0.67,0.9,0.81,side_crash,37.545,127.103
6,0,3,3,0,0.7,0.83,0.78,car_car,37.559,127.073
9,0,1,7,1,0.63,0.83,0.75,car_car,37.54,127.079
5,0,3,2,0,0.63,0.63,0.63,car_man,37.54,127.079
8,0,1,4,3,0.43,0.5,0.47,car_man,37.546,127.066
32,0,10,19,3,2.93,4.1,3.63,crash_stop,37.891,127.058
31,0,5,26,0,2.57,4.17,3.53,car_car,37.873,127.058
21,1,8,11,1,2.4,3.37,2.98,side_crash,37.902,127.053
26,0,7,18,1,2.37,3.3,2.93,side_crash,37.908,127.054
19,0,3,15,1,1.5,3.17,2.5,car_car,37.892,127.055
26,1,1,23,1,2.03,2.5,2.31,car_car,37.905,127.061
22,0,6,15,1,2,2.33,2.2,car_car,37.865,-119.53
18,0,5,10,3,1.5,2,1.8,car_car,33.513,126.524
11,0,4,6,1,1.07,2.13,1.71,side_crash,37.898,127.06
14,0,6,8,0,1.53,1.8,1.69,crossing,37.901,127.05
13,0,4,9,0,1.27,1.93,1.67,car_car,37.913,127.057
11,1,2,7,1,1.13,1.9,1.59,car_car,35.873,128.611
11,1,3,6,1,1.23,1.73,1.53,car_car,37.896,127.057
14,0,4,9,1,1.27,1.6,1.47,car_car,37.917,127.055
10,0,4,5,1,1,1.63,1.38,side_crash,37.29,127.047
18,0,0,17,1,1.13,1.4,1.29,car_car,37.892,127.052
9,0,3,6,0,0.9,1.37,1.18,car_car,37.904,127.057
8,1,2,5,0,1,1.3,1.18,side_crash,37.908,127.031
11,0,3,7,1,0.97,1.3,1.17,side_crash,37.484,126.949
10,0,1,9,0,0.77,1.37,1.13,crash_stop,37.873,127.058
12,0,2,7,3,0.8,1.33,1.12,car_car,37.904,127.057
9,0,3,5,1,0.83,1.3,1.11,car_car,37.898,127.062
8,1,3,4,0,1.1,1.1,1.1,car_man,37.892,127.055
9,0,4,5,0,1,1.13,1.08,side_crash,37.901,127.056
10,0,3,6,1,0.9,1.2,1.08,side_crash,37.898,127.054
10,0,2,8,0,0.87,1.13,1.03,car_car,37.9,127.057
9,0,3,6,0,0.9,1.1,1.02,side_crash,37.912,127.058
9,0,4,5,0,1,1,1,car_car,37.901,127.056
11,0,2,7,2,0.8,1.07,0.96,crash_stop,37.899,127.052
5,0,0,4,1,0.27,0.33,0.31,crossing,37.905,127.054
29,2,9,15,3,3.17,6.1,4.93,side_crash,37.805,127.131
25,2,12,9,2,3.27,5.23,4.45,side_crash,37.823,127.158
20,1,7,11,1,2.23,4.27,3.45,side_crash,37.849,127.163
17,0,8,9,0,1.93,4.23,3.31,side_crash,37.897,127.205
20,1,7,12,0,2.3,3.17,2.82,crash_driving,37.873,127.156
18,0,8,10,0,2,3.2,2.72,crash_driving,37.871,127.182
12,0,8,4,0,1.6,3.4,2.68,crash_driving,37.948,127.237
11,0,9,1,1,1.57,3.33,2.63,side_crash,35.103,128.838
16,1,6,6,3,1.73,3.2,2.61,side_crash,38.023,127.255
13,1,7,4,1,1.77,2.93,2.47,crash_stop,37.895,127.204
15,2,6,5,2,2,2.73,2.44,crash_driving,37.779,127.224
14,0,5,9,0,1.43,2.83,2.27,side_crash,37.778,127.115
14,1,6,7,0,1.8,2.53,2.24,side_crash,37.938,127.222
15,1,5,7,2,1.63,2.53,2.17,side_crash,37.823,127.138
13,1,4,8,0,1.53,2.5,2.11,crash_driving,37.835,127.154
12,1,4,6,1,1.4,2.5,2.06,crash_driving,37.799,127.138
14,0,5,8,1,1.37,2.5,2.05,crash_driving,37.849,127.743
13,0,8,5,0,1.67,2.13,1.95,side_crash,37.814,127.152
16,0,4,11,1,1.4,2.23,1.9,crash_driving,37.833,127.149
12,1,6,5,0,1.67,1.97,1.85,side_crash,37.83,127.148
15,0,4,10,1,1.33,2.13,1.81,side_crash,37.888,127.195
16,1,4,8,3,1.53,1.73,1.65,car_car,37.334,127.959
13,1,5,5,2,1.5,1.73,1.64,side_crash,37.833,127.141
16,0,4,12,0,1.47,1.73,1.63,crash_driving,37.92,127.22
14,0,3,11,0,1.23,1.83,1.59,side_crash,37.885,127.191
15,0,3,12,0,1.3,1.57,1.46,crash_driving,37.827,127.145
11,0,6,5,0,1.33,1.53,1.45,car_man,37.873,127.156
14,0,3,9,2,1.1,1.67,1.44,side_crash,37.835,127.154
15,0,2,10,3,1,1.53,1.32,side_crash,37.895,127.202
14,0,3,8,3,1.03,1.3,1.19,car_man,37.898,127.204
39,1,18,19,1,4.6,8.07,6.68,side_crash,37.709,127.184
23,0,9,14,0,2.43,6.1,4.63,car_car,37.359,126.94
32,0,9,23,0,3.03,5,4.21,side_crash,37.593,127.198
35,1,13,19,2,3.77,4.3,4.09,side_crash,37.714,127.182
26,0,13,12,1,2.97,4.7,4.01,side_crash,37.658,127.172
21,2,9,11,0,2.57,4.67,3.83,side_crash,37.623,127.186
36,0,9,24,3,3.1,4.1,3.7,side_crash,35.553,129.312
32,0,10,19,3,2.93,4.2,3.69,crash_driving,37.68,127.272
31,0,9,21,1,2.9,3.7,3.38,side_crash,37.594,127.173
23,0,10,13,0,2.53,3.93,3.37,side_crash,37.657,127.3
26,0,7,19,0,2.43,3.9,3.31,side_crash,37.612,127.172
23,1,6,16,0,2.4,3.53,3.08,side_crash,37.617,127.18
23,0,8,13,2,2.2,3.6,3.04,side_crash,34.648,127.007
22,1,2,19,0,1.93,3.63,2.95,crash_driving,37.726,127.189
24,0,7,16,1,2.23,3.43,2.95,side_crash,37.604,127.153
25,0,8,16,1,2.4,3.23,2.9,side_crash,37.518,126.987
16,1,8,5,2,2,3.43,2.86,side_crash,37.7,127.103
26,0,10,14,2,2.6,2.9,2.78,crossing,37.719,127.182
19,1,9,8,1,2.37,3.03,2.77,side_crash,37.648,127.303
19,1,10,7,1,2.47,2.9,2.73,crossing,37.836,127.07
22,0,4,17,1,1.8,3.33,2.72,side_crash,37.586,127.198
17,2,5,10,0,2.17,2.93,2.63,side_crash,37.633,127.206
18,1,8,8,1,2.2,2.77,2.54,car_car,37.671,127.152
21,0,7,13,1,2.03,2.73,2.45,side_crash,37.65,127.306
24,0,8,14,2,2.27,2.4,2.35,crossing,37.651,127.306
19,0,7,11,1,1.9,2.4,2.2,side_crash,37.661,127.124
22,0,6,15,1,2,2.27,2.16,side_crash,37.653,127.244
18,0,7,11,0,1.9,2.33,2.16,side_crash,37.653,127.244
8,1,0,7,0,0.8,1.2,1.04,car_car,37.657,127.3
7,0,3,3,1,0.7,0.7,0.7,crossing,34.957,127.486
16,0,5,11,0,1.57,3.37,2.65,car_car,35.852,128.474
9,1,3,5,0,1.17,2.4,1.91,car_car,36.603,127.304
13,0,6,7,0,1.47,1.9,1.73,car_car,37.3,127.649
10,0,4,6,0,1.07,1.7,1.45,car_car,37.255,127.647
9,1,4,4,0,1.27,1.53,1.43,car_car,37.286,127.619
7,0,5,2,0,0.97,1.67,1.39,side_crash,37.201,127.66
9,0,3,6,0,0.9,1.67,1.36,side_crash,37.215,127.534
8,0,4,4,0,0.93,1.57,1.31,car_car,37.264,127.638
8,0,2,6,0,0.73,1.63,1.27,crash_driving,37.298,127.556
8,0,3,5,0,0.83,1.57,1.27,crash_driving,37.197,127.549
6,0,4,2,0,0.8,1.57,1.26,face_crash,37.212,127.542
6,0,4,2,0,0.8,1.57,1.26,side_crash,37.267,127.585
11,0,2,9,0,0.93,1.33,1.17,side_crash,37.21,127.541
12,0,3,8,1,1.03,1.23,1.15,car_car,37.288,127.634
7,0,4,3,0,0.87,1.3,1.13,car_car,37.372,127.58
6,0,4,2,0,0.8,1.33,1.12,car_car,37.299,127.615
11,0,4,4,3,0.93,1.2,1.09,car_car,36.594,126.457
8,0,2,6,0,0.73,1.33,1.09,car_car,37.297,127.626
8,0,3,4,1,0.77,1.2,1.03,car_car,37.294,127.63
10,0,2,7,1,0.8,1.17,1.02,car_car,37.295,127.636
6,0,4,2,0,0.8,1.07,0.96,crash_driving,35.852,128.474
7,0,3,4,0,0.77,1,0.91,car_car,37.291,127.636
5,0,4,1,0,0.73,1.03,0.91,car_car,37.254,127.65
6,1,2,3,0,0.87,0.87,0.87,crossing,37.295,127.636
7,0,4,3,0,0.87,0.87,0.87,car_car,38.104,127.703
9,0,2,6,1,0.73,0.93,0.85,car_car,37.203,127.545
8,0,2,5,1,0.67,0.93,0.83,car_car,37.269,127.634
5,1,2,1,1,0.73,0.9,0.83,side_crash,37.293,127.634
7,0,2,4,1,0.6,0.73,0.68,car_car,37.282,127.635
7,0,2,5,0,0.67,0.67,0.67,crossing,37.289,127.632
85,0,26,53,6,7.87,11.07,9.79,side_crash,37.51,127.007
65,1,22,37,5,6.47,11.4,9.43,side_crash,37.642,126.788
71,0,24,40,7,6.67,7.4,7.11,crossing,37.663,126.769
61,0,15,41,5,5.23,8.2,7.01,side_crash,37.673,126.753
57,0,17,38,2,5.37,7.9,6.89,side_crash,37.676,126.745
53,0,19,30,4,5.17,7.47,6.55,side_crash,37.653,126.77
54,0,12,40,2,4.67,6.83,5.97,side_crash,37.687,126.759
47,2,15,25,5,4.83,6.73,5.97,side_crash,37.674,126.774
45,0,16,27,2,4.47,6.73,5.83,side_crash,37.639,126.792
50,0,19,26,5,4.9,5.97,5.54,side_crash,37.658,126.775
43,0,16,24,3,4.27,6.3,5.49,side_crash,37.649,127.043
35,0,20,12,3,4.13,5.9,5.19,car_car,37.645,126.784
41,0,13,25,3,3.83,5.97,5.11,side_crash,37.682,126.777
31,1,17,13,0,4.03,5.63,4.99,crossing,37.652,126.777
40,0,13,25,2,3.83,5.4,4.77,side_crash,37.666,126.766
38,1,10,27,0,3.8,5.23,4.66,side_crash,37.659,126.773
33,1,15,15,2,3.83,4.87,4.45,side_crash,37.669,126.752
30,1,10,18,1,3.2,5.23,4.42,side_crash,37.479,126.855
45,0,11,28,6,3.7,4.8,4.36,side_crash,37.678,126.777
34,0,8,23,3,2.87,4.8,4.03,side_crash,37.676,126.806
34,0,12,19,3,3.27,4.47,3.99,side_crash,37.619,126.834
33,1,11,20,1,3.5,4,3.8,side_crash,37.675,126.749
34,0,7,27,0,2.97,4.33,3.79,side_crash,37.665,126.813
37,0,9,25,3,3.17,4.1,3.73,side_crash,37.663,126.762
32,0,10,20,2,3,4.1,3.66,car_car,37.628,126.829
31,1,11,17,2,3.3,3.83,3.62,side_crash,37.63,126.881
28,1,11,14,2,3.1,3.9,3.58,side_crash,37.628,126.825
32,0,11,20,1,3.17,3.6,3.43,side_crash,37.659,126.787
29,1,8,16,4,2.73,3.3,3.07,side_crash,37.661,126.768
7,0,2,5,0,0.67,0.9,0.81,side_crash,37.51,127.007
66,0,27,36,3,6.9,10.9,9.3,side_crash,37.389,126.948
63,0,23,38,2,6.37,10.1,8.61,side_crash,37.402,126.976
61,1,22,35,3,6.33,9.9,8.47,side_crash,37.382,126.952
57,0,14,42,1,5.13,8.83,7.35,side_crash,37.37,126.957
57,2,13,41,1,5.57,8.27,7.19,side_crash,37.451,126.679
48,0,22,24,2,5.27,7.43,6.57,side_crash,37.394,126.925
51,1,13,35,2,4.83,7.47,6.41,side_crash,37.389,126.95
46,0,14,30,2,4.33,7.2,6.05,side_crash,37.398,126.933
43,0,21,20,2,4.83,6.83,6.03,side_crash,37.401,126.95
41,0,20,20,1,4.67,6.7,5.89,side_crash,37.38,126.971
46,0,18,27,1,4.8,6.3,5.7,side_crash,37.391,126.944
46,0,15,29,2,4.43,6.37,5.59,side_crash,37.402,126.957
39,1,19,18,1,4.7,5.33,5.08,crossing,33.513,126.524
44,0,10,32,2,3.8,5.87,5.04,side_crash,37.394,126.956
41,2,11,25,3,4.17,5.3,4.85,side_crash,37.398,126.945
40,0,12,26,2,3.73,5.37,4.71,side_crash,37.396,126.976
40,0,9,29,2,3.43,5.37,4.59,side_crash,37.384,126.935
37,0,16,20,1,4,4.97,4.58,crossing,37.389,126.95
37,0,7,29,1,3.1,5.13,4.32,side_crash,37.403,126.93
34,0,12,22,0,3.47,4.73,4.23,side_crash,37.38,126.961
32,1,13,16,2,3.57,4.63,4.21,side_crash,37.42,126.908
33,1,12,15,5,3.33,4.63,4.11,side_crash,37.409,126.912
38,0,11,25,2,3.5,4.3,3.98,crossing,37.397,126.922
34,0,11,21,2,3.23,4.33,3.89,side_crash,37.38,126.928
19,0,3,16,0,1.57,2.63,2.21,crash_stop,37.402,126.976
13,0,6,7,0,1.47,1.8,1.67,car_solo,33.513,126.524
10,0,4,4,2,0.93,1.33,1.17,crash_stop,37.451,126.679
9,1,0,7,1,0.8,1.27,1.08,side_crash,37.402,126.976
10,0,2,7,1,0.8,0.93,0.88,side_crash,37.389,126.948
8,0,1,5,2,0.5,0.57,0.54,side_crash,37.402,126.957
24,0,13,9,2,2.77,6.9,5.25,side_crash,35.207,129.069
18,0,9,8,1,2.03,5.1,3.87,side_crash,36.081,126.909
28,0,11,15,2,2.83,4.3,3.71,side_crash,37.01,127.219
12,0,9,3,0,1.7,4.17,3.18,face_crash,37.015,127.288
20,1,9,9,1,2.43,3.5,3.07,side_crash,36.997,127.16
21,1,9,10,1,2.5,3.3,2.98,side_crash,37.004,127.268
20,2,6,12,0,2.47,3.27,2.95,side_crash,37.004,127.169
17,2,7,8,0,2.37,3.23,2.89,car_car,37.774,128.938
21,0,8,13,0,2.2,3.33,2.88,side_crash,36.992,127.142
15,0,8,7,0,1.8,3.57,2.86,side_crash,37.005,127.287
19,0,6,13,0,1.87,3.5,2.85,side_crash,36.995,127.285
16,0,9,7,0,1.97,3.37,2.81,side_crash,37.001,127.25
18,0,9,8,1,2.03,3.33,2.81,side_crash,36.994,127.153
19,0,5,14,0,1.77,3.23,2.65,side_crash,37.009,127.203
19,0,5,13,1,1.7,3.2,2.6,side_crash,36.385,127.324
18,0,8,9,1,1.93,2.93,2.53,side_crash,37.009,127.209
21,0,6,15,0,2,2.83,2.5,car_car,37.014,127.257
23,0,5,15,3,1.83,2.93,2.49,side_crash,37.011,127.264
20,1,5,14,0,2.1,2.53,2.36,side_crash,37.031,127.156
14,0,9,5,0,1.83,2.63,2.31,side_crash,37.007,127.272
15,0,5,10,0,1.5,2.4,2.04,side_crash,37.011,127.264
15,0,6,6,3,1.4,1.9,1.7,car_car,36.997,127.16
12,0,6,6,0,1.4,1.73,1.6,crossing,37.007,127.269
12,0,4,8,0,1.2,1.83,1.58,side_crash,37.012,127.25
9,1,5,2,1,1.3,1.6,1.48,car_car,37.473,126.865
13,0,4,8,1,1.2,1.4,1.32,side_crash,37.011,127.264
11,0,5,4,2,1.1,1.43,1.3,crossing,36.999,127.167
11,0,6,4,1,1.27,1.27,1.27,crossing,37.006,127.265
13,0,3,9,1,1.1,1.37,1.26,side_crash,37.008,127.183
12,0,4,8,0,1.2,1.27,1.24,crossing,36.993,127.137
68,1,28,39,0,7.6,13.03,10.86,side_crash,37.317,126.827
41,0,20,20,1,4.67,10.73,8.31,side_crash,37.302,126.874
59,0,25,33,1,6.37,8.83,7.85,side_crash,37.319,126.818
63,0,17,46,0,5.9,9.13,7.84,side_crash,36.692,126.836
58,0,19,37,2,5.63,7.9,6.99,side_crash,37.323,126.8
51,2,13,33,3,5.03,8.13,6.89,side_crash,37.327,126.788
40,0,18,21,1,4.4,7.5,6.26,side_crash,37.306,126.829
34,0,14,19,1,3.6,7.7,6.06,side_crash,37.321,126.812
38,0,12,26,0,3.73,7.47,5.97,side_crash,37.135,127.073
42,1,10,31,0,4.07,7.13,5.91,side_crash,37.335,126.764
43,0,17,26,0,4.57,6.6,5.79,side_crash,37.317,126.827
39,0,15,23,1,4.03,6.37,5.43,side_crash,37.302,126.866
41,0,13,26,2,3.9,6.23,5.3,side_crash,37.292,126.856
41,1,11,28,1,4.03,6.13,5.29,side_crash,37.316,126.838
47,0,6,39,2,3.6,6.4,5.28,side_crash,37.315,126.849
34,0,14,20,0,3.67,5.97,5.05,side_crash,37.328,126.837
29,0,16,12,1,3.47,5.6,4.75,side_crash,37.321,126.82
34,0,18,16,0,4.07,5.07,4.67,side_crash,37.451,126.9
37,0,10,27,0,3.47,5.43,4.65,side_crash,37.651,127.067
38,0,13,24,1,3.77,4.77,4.37,side_crash,37.334,126.813
32,0,11,19,2,3.1,4.9,4.18,side_crash,37.289,126.868
29,0,12,17,0,3.13,4.87,4.17,side_crash,37.322,126.808
29,0,12,16,1,3.07,4.6,3.99,side_crash,37.328,126.797
29,1,10,18,0,3.2,4.17,3.78,side_crash,37.536,126.866
31,1,7,23,0,3.03,4.1,3.67,side_crash,37.614,126.831
33,0,8,24,1,2.93,3.47,3.25,side_crash,37.316,126.838
31,0,9,21,1,2.9,2.97,2.94,side_crash,37.292,126.867
14,0,1,13,0,1.03,1.43,1.27,side_crash,37.302,126.866
6,0,3,3,0,0.7,1.23,1.02,crash_driving,37.302,126.874
5,0,0,4,1,0.27,0.33,0.31,side_crash,37.316,126.823
67,0,17,47,3,5.97,8.73,7.63,car_car,37.6,127.141
33,0,11,21,1,3.23,4.83,4.19,crash_stop,37.576,127.145
25,1,10,14,0,2.93,4.6,3.93,side_crash,37.6,127.147
32,0,6,26,0,2.73,4.7,3.91,side_crash,37.766,126.776
28,0,6,20,2,2.33,4.27,3.49,side_crash,37.641,127.126
27,0,11,15,1,2.83,3.8,3.41,side_crash,37.594,127.15
24,0,12,12,0,2.8,3.73,3.36,crash_stop,37.61,127.138
28,0,8,20,0,2.67,3.2,2.99,car_man,37.6,127.137
14,0,8,6,0,1.73,3.77,2.95,car_car,37.594,127.112
21,0,5,16,0,1.9,2.57,2.3,car_car,37.6,127.13
24,0,3,19,2,1.77,2.5,2.21,car_car,37.597,127.143
18,0,6,11,1,1.73,2.33,2.09,side_crash,37.595,127.136
17,0,6,11,0,1.73,2.27,2.05,car_car,37.594,127.15
13,1,6,6,0,1.73,2.17,1.99,side_crash,37.604,127.142
17,0,7,9,1,1.77,2.1,1.97,car_car,37.602,127.143
17,0,1,15,1,1.17,2.5,1.97,crash_driving,37.606,126.874
15,0,6,9,0,1.6,1.9,1.78,car_car,37.619,127.139
15,0,6,9,0,1.6,1.87,1.76,side_crash,37.584,127.007
15,0,6,9,0,1.6,1.8,1.72,side_crash,37.591,127.145
15,0,5,9,1,1.43,1.57,1.51,car_car,37.495,127.12
14,0,5,8,1,1.37,1.6,1.51,crossing,37.711,127.186
6,2,0,4,0,0.93,1.43,1.23,car_man,37.6,127.137
9,0,3,6,0,0.9,1.1,1.02,car_man,37.6,127.141
8,0,3,4,1,0.77,1.07,0.95,car_man,37.597,127.143
6,0,2,4,0,0.6,0.93,0.8,car_car,37.576,127.145
7,0,3,4,0,0.77,0.77,0.77,crossing,37.6,127.137
5,0,2,3,0,0.53,0.83,0.71,car_car,37.6,127.147
8,0,2,3,3,0.53,0.8,0.69,car_man,37.6,127.137
6,0,2,4,0,0.6,0.73,0.68,car_man,37.537,127.206
5,0,1,4,0,0.43,0.43,0.43,crossing,37.6,127.137
62,3,23,35,1,7.17,11.27,9.63,side_crash,36.692,126.836
78,0,25,49,4,7.43,11,9.57,car_car,36.994,127.087
62,1,21,36,4,6.23,10.67,8.89,crash_stop,37.466,126.896
61,2,21,38,0,6.7,9.8,8.56,side_crash,37.266,127.033
73,2,21,46,5,6.9,8.97,8.14,car_car,37.268,127.027
62,1,17,42,2,5.97,9.53,8.11,car_car,37.295,127.016
61,0,16,44,1,5.6,9.5,7.94,side_crash,37.261,126.995
62,0,19,41,2,5.9,8.1,7.22,side_crash,37.294,127.045
49,1,18,28,2,5.2,8.53,7.2,car_car,37.292,127.019
44,0,23,21,0,5.23,8.4,7.13,side_crash,37.259,126.973
63,0,15,46,2,5.57,8.03,7.05,car_car,37.262,127.021
54,1,17,34,2,5.43,8.13,7.05,car_car,37.275,127.016
49,0,19,29,1,5.1,7.33,6.44,side_crash,37.28,126.971
47,0,15,31,1,4.57,7.57,6.37,side_crash,37.252,127.04
49,0,17,29,3,4.77,7.23,6.25,side_crash,37.273,127.048
52,0,11,39,2,4.43,7.23,6.11,crash_stop,37.256,127.021
59,0,10,47,2,4.8,6.67,5.92,car_car,37.291,127.028
50,0,12,36,2,4.4,6.07,5.4,side_crash,37.259,127.023
44,1,10,31,2,4.07,6.2,5.35,car_car,37.253,127.011
47,1,11,34,1,4.43,5.93,5.33,car_car,37.269,126.998
46,1,15,29,1,4.77,5.63,5.29,car_car,37.266,126.999
47,0,15,32,0,4.63,5.53,5.17,crash_driving,37.266,126.999
40,0,19,16,5,4.23,5.7,5.11,side_crash,37.258,127.03
47,0,15,30,2,4.5,5.47,5.08,car_car,37.29,127.003
43,0,14,29,0,4.27,5.37,4.93,car_car,37.281,127.016
46,0,8,37,1,3.8,5.2,4.64,side_crash,37.297,126.996
8,0,4,4,0,0.93,2.3,1.75,car_car,37.294,127.045
12,0,2,10,0,1,1.4,1.24,side_crash,37.266,126.999
5,0,0,5,0,0.33,0.67,0.53,side_crash,37.268,127.027
5,0,1,3,1,0.37,0.5,0.45,side_crash,37.345,126.97
27,1,12,14,0,3.27,4.77,4.17,side_crash,37.65,126.673
32,0,12,20,0,3.33,4.43,3.99,side_crash,37.625,126.707
29,0,11,17,1,2.97,4.33,3.79,side_crash,37.326,126.802
32,0,8,24,0,2.93,3.53,3.29,side_crash,37.599,126.771
22,1,8,12,1,2.47,3,2.79,side_crash,37.865,126.785
15,1,7,7,0,1.97,2.9,2.53,side_crash,37.627,126.712
18,1,5,12,0,1.97,2.83,2.49,side_crash,37.63,126.71
15,0,8,7,0,1.8,2.73,2.36,side_crash,37.654,126.69
15,0,4,11,0,1.4,2.77,2.22,side_crash,37.691,126.597
14,1,5,8,0,1.7,2.47,2.16,side_crash,37.616,126.725
18,0,4,14,0,1.6,2.4,2.08,side_crash,37.631,126.703
15,1,4,9,1,1.6,2.23,1.98,side_crash,37.62,126.695
13,0,4,8,1,1.2,2.47,1.96,car_car,37.607,127.754
15,0,7,8,0,1.7,2.07,1.92,car_car,37.63,126.71
18,0,6,10,2,1.67,2,1.87,side_crash,37.652,126.628
17,1,2,12,2,1.47,2.07,1.83,side_crash,37.595,126.721
15,0,6,8,1,1.53,1.87,1.73,side_crash,37.652,126.671
12,0,5,6,1,1.23,1.97,1.67,side_crash,37.62,126.719
12,0,5,7,0,1.3,1.9,1.66,side_crash,37.857,127.736
10,0,6,4,0,1.27,1.9,1.65,side_crash,37.657,126.623
10,0,5,5,0,1.17,1.93,1.63,side_crash,37.644,126.67
8,1,5,2,0,1.3,1.83,1.62,car_man,37.691,126.597
12,0,5,7,0,1.3,1.63,1.5,side_crash,37.285,127.053
17,0,3,12,2,1.3,1.57,1.46,crash_driving,37.645,126.681
11,0,7,3,1,1.37,1.5,1.45,car_car,37.616,126.725
10,0,5,4,1,1.1,1.67,1.44,car_car,37.66,127.25
13,0,5,7,1,1.3,1.3,1.3,car_car,37.691,126.598
16,0,3,11,2,1.23,1.23,1.23,side_crash,37.6,126.721
6,0,3,3,0,0.7,1.57,1.22,crash_driving,37.326,126.802
11,0,3,8,0,1.03,1.17,1.11,car_car,37.599,126.771
65,0,20,37,8,5.8,8.07,7.16,side_crash,37.479,126.854
42,0,22,20,0,5,5.7,5.42,crossing,37.345,126.97
36,0,13,21,2,3.57,5.9,4.97,side_crash,37.486,126.707
38,1,13,22,2,3.97,4.6,4.35,side_crash,37.648,127.077
25,1,10,14,0,2.93,4.67,3.97,side_crash,37.485,126.856
31,1,14,14,2,3.6,4.13,3.92,side_crash,37.472,126.851
28,1,12,15,0,3.33,4,3.73,side_crash,37.461,126.877
28,0,12,16,0,3.07,3.9,3.57,side_crash,37.444,129.167
24,0,12,10,2,2.67,4.13,3.55,side_crash,37.453,126.844
21,0,8,12,1,2.13,4.33,3.45,side_crash,37.42,126.885
28,0,8,18,2,2.53,4.07,3.45,side_crash,37.449,126.878
26,0,12,14,0,2.93,3.7,3.39,crash_stop,37.441,126.846
22,0,9,13,0,2.37,3.7,3.17,side_crash,37.444,126.88
23,2,9,11,2,2.57,3.37,3.05,side_crash,37.48,126.857
21,0,11,9,1,2.43,3.43,3.03,side_crash,37.477,126.863
23,0,8,13,2,2.2,3.43,2.94,side_crash,37.479,126.854
27,0,7,17,3,2.3,3.27,2.88,side_crash,37.474,126.867
21,0,9,12,0,2.3,3.17,2.82,side_crash,37.275,127.105
26,0,5,20,1,2.17,3.03,2.69,side_crash,35.41,126.582
26,0,4,20,2,2,3.03,2.62,side_crash,37.475,126.868
17,0,10,5,2,2,2.33,2.2,side_crash,37.48,126.857
23,0,5,16,2,1.9,2.17,2.06,side_crash,37.475,126.868
15,0,7,7,1,1.63,2.13,1.93,side_crash,37.61,127.029
16,0,4,12,0,1.47,1.9,1.73,side_crash,37.479,126.854
14,0,3,11,0,1.23,1.9,1.63,crash_stop,37.61,127.029
14,0,5,8,1,1.37,1.63,1.53,side_crash,37.461,126.877
10,0,5,3,2,1.03,1.43,1.27,crash_stop,37.345,126.97
13,0,3,7,3,0.97,0.97,0.97,side_crash,37.479,126.854
7,0,2,4,1,0.6,1.07,0.88,side_crash,37.345,126.97
6,0,2,3,1,0.53,0.53,0.53,car_car,37.479,126.854
36,0,13,19,4,3.43,5.37,4.59,side_crash,37.542,127.207
24,1,9,11,3,2.57,5.87,4.55,side_crash,37.544,127.167
35,0,10,21,4,3.07,4.03,3.65,side_crash,37.539,127.214
27,0,11,16,0,2.9,3.53,3.28,side_crash,37.536,127.208
19,0,9,9,1,2.1,3.87,3.16,crash_stop,37.569,127.195
22,0,9,11,2,2.23,3.73,3.13,side_crash,37.512,127.152
28,0,6,19,3,2.27,3.67,3.11,side_crash,37.549,127.184
19,2,7,9,2,2.1,3.73,3.08,side_crash,37.538,127.201
20,0,8,12,0,2.13,3.6,3.01,side_crash,37.527,127.221
25,0,9,12,4,2.3,3.37,2.94,side_crash,37.566,126.977
30,0,6,20,4,2.33,3.3,2.91,side_crash,37.545,127.197
16,1,5,8,2,1.7,3.6,2.84,side_crash,37.534,127.221
16,0,10,6,0,2.07,3.17,2.73,side_crash,37.534,127.227
24,1,6,14,3,2.27,2.53,2.43,crossing,37.489,126.944
12,2,4,5,1,1.67,2.93,2.43,side_crash,37.121,129.157
16,1,5,8,2,1.7,2.73,2.32,side_crash,35.171,126.865
18,1,5,10,2,1.83,2.33,2.13,side_crash,37.618,126.717
15,0,5,9,1,1.43,2.57,2.11,side_crash,37.549,127.182
13,1,6,5,1,1.67,2.37,2.09,side_crash,37.522,127.223
11,1,6,4,0,1.6,2.4,2.08,side_crash,37.552,127.215
17,0,6,10,1,1.67,2.17,1.97,side_crash,37.539,127.22
20,0,8,9,3,1.93,1.93,1.93,side_crash,37.541,127.21
20,0,6,12,2,1.8,1.93,1.88,crossing,37.539,127.201
24,0,6,12,6,1.8,1.93,1.88,side_crash,37.54,127.2
12,0,8,4,0,1.6,1.97,1.82,side_crash,37.539,127.22
15,0,5,8,2,1.37,1.7,1.57,side_crash,37.537,127.206
20,0,4,12,4,1.47,1.47,1.47,crossing,37.489,126.944
14,1,2,5,6,1,1,1,crossing,37.561,127.064
5,0,3,2,0,0.63,0.63,0.63,car_man,37.537,127.204
8,0,0,8,0,0.53,0.6,0.57,side_crash,37.541,127.21
55,1,17,36,1,5.57,6.93,6.39,side_crash,37.191,127.072
39,0,9,30,0,3.5,5.8,4.88,side_crash,37.217,126.822
30,1,11,18,0,3.37,5.23,4.49,side_crash,37.721,126.743
33,0,12,19,2,3.27,4.53,4.03,side_crash,37.203,127.033
26,0,8,18,0,2.53,4.1,3.47,side_crash,37.31,126.84
20,2,8,10,0,2.67,3.93,3.43,crash_driving,37.219,126.949
17,2,8,7,0,2.47,3.47,3.07,side_crash,37.135,126.911
21,0,7,12,2,1.97,3.6,2.95,side_crash,37.205,127.066
22,1,5,15,1,2.17,3.4,2.91,car_car,37.202,127.037
23,0,7,16,0,2.23,3.13,2.77,side_crash,37.128,126.926
26,0,7,17,2,2.3,3.03,2.74,crash_stop,37.208,127.034
15,1,8,6,0,2.07,3.13,2.71,side_crash,37.734,127.088
17,0,10,7,0,2.13,3.03,2.67,crossing,35.152,129.028
15,0,7,8,0,1.7,3.2,2.6,side_crash,37.722,127.045
13,2,3,7,1,1.63,3.2,2.57,crash_driving,37.131,126.92
17,2,8,7,0,2.47,2.47,2.47,car_car,37.08,126.895
21,0,7,14,0,2.1,2.57,2.38,car_car,37.129,126.92
19,0,7,12,0,1.97,2.5,2.29,side_crash,37.532,126.959
18,0,5,13,0,1.7,2.57,2.22,side_crash,37.242,126.881
27,0,4,20,3,2,2.33,2.2,car_car,37.209,127.055
15,0,7,8,0,1.7,2.4,2.12,car_car,37.231,127.065
18,0,6,11,1,1.73,2.33,2.09,car_car,37.3,126.965
18,0,4,14,0,1.6,2.37,2.06,side_crash,37.161,126.903
14,0,9,5,0,1.83,2.2,2.05,crash_driving,37.081,126.944
17,0,7,9,1,1.77,2.1,1.97,crossing,38.02,127.071
18,0,2,15,1,1.33,2.3,1.91,side_crash,37.205,127.072
17,0,3,14,0,1.43,1.93,1.73,side_crash,36.758,126.295
12,0,3,9,0,1.1,1.77,1.5,side_crash,37.31,126.84
17,0,3,9,5,1.1,1.3,1.22,crossing,37.203,127.033
5,0,3,2,0,0.63,1.1,0.91,side_crash,37.219,126.949
18,1,5,11,1,1.9,2.53,2.28,car_car,37.497,127.489
6,0,2,4,0,0.6,3.1,2.1,side_crash,35.228,127.932
7,0,5,2,0,0.97,2.63,1.97,side_crash,37.517,127.659
16,0,4,12,0,1.47,2.2,1.91,side_crash,37.498,127.497
12,2,4,6,0,1.73,2,1.89,side_crash,37.511,127.4
15,0,3,12,0,1.3,2.23,1.86,crash_stop,37.511,127.445
15,1,5,8,1,1.7,1.97,1.86,crossing,37.544,127.319
11,0,3,8,0,1.03,2.17,1.71,face_crash,35.271,126.694
10,0,7,3,0,1.37,1.43,1.41,car_car,37.513,127.443
9,1,2,5,1,1,1.6,1.36,car_car,37.525,127.372
8,2,3,1,2,1.23,1.23,1.23,crossing,37.493,127.503
8,0,4,3,1,0.87,1.33,1.15,crossing,37.489,127.492
12,0,3,8,1,1.03,1.2,1.13,crossing,37.484,127.592
9,0,2,6,1,0.73,1.23,1.03,side_crash,37.501,127.475
7,0,4,2,1,0.8,1.1,0.98,side_crash,37.488,127.49
7,0,2,5,0,0.67,1.1,0.93,crash_stop,37.515,127.412
7,0,4,3,0,0.87,0.93,0.91,car_man,37.544,127.319
6,0,2,4,0,0.6,1.1,0.9,crash_stop,37.515,127.416
9,0,2,6,1,0.73,0.87,0.81,car_man,37.489,127.492
8,0,1,7,0,0.63,0.83,0.75,side_crash,37.491,127.487
5,0,2,3,0,0.53,0.9,0.75,side_crash,37.559,126.916
6,0,2,4,0,0.6,0.8,0.72,face_crash,37.491,127.496
9,0,2,5,2,0.67,0.73,0.71,crossing,37.491,127.496
7,0,2,5,0,0.67,0.67,0.67,side_crash,37.489,127.492
6,0,2,4,0,0.6,0.67,0.64,side_crash,37.491,127.501
6,0,2,3,1,0.53,0.67,0.61,crash_stop,37.496,127.484
6,0,1,5,0,0.5,0.63,0.58,side_crash,37.428,127.539
6,0,2,2,2,0.47,0.63,0.57,side_crash,37.492,127.481
5,0,2,3,0,0.53,0.53,0.53,crash_stop,37.49,127.502
7,0,0,6,1,0.4,0.6,0.52,crossing,37.494,127.494
37,0,16,18,3,3.87,8.5,6.65,car_car,37.479,126.855
52,0,16,32,4,4.8,7.1,6.18,side_crash,37.263,127.028
34,0,13,21,0,3.57,6.13,5.11,side_crash,37.591,127.052
38,0,9,28,1,3.37,5.77,4.81,crash_driving,37.326,127.108
24,1,9,11,3,2.57,5.53,4.35,crash_driving,37.314,127.087
34,0,13,20,1,3.5,4.9,4.34,side_crash,37.271,127.105
36,1,8,25,2,3.33,4.83,4.23,car_car,37.294,127.11
30,0,11,18,1,3.03,4.83,4.11,car_car,37.327,127.131
25,1,14,10,0,3.33,4.47,4.01,car_car,37.331,127.107
26,0,14,9,3,2.93,4.6,3.93,side_crash,37.282,127.105
28,0,14,14,0,3.27,4.37,3.93,side_crash,35.233,128.884
34,0,11,21,2,3.23,4.3,3.87,crash_driving,37.324,127.102
28,0,11,17,0,2.97,4.43,3.85,side_crash,37.532,126.99
28,0,11,17,0,2.97,3.93,3.55,side_crash,37.235,127.21
26,0,6,20,0,2.33,4.37,3.55,side_crash,37.274,127.113
21,1,9,11,0,2.57,4,3.43,side_crash,37.277,127.115
34,0,11,17,6,2.97,3.47,3.27,car_car,37.322,127.097
22,0,11,9,2,2.43,3.77,3.23,car_car,37.325,127.121
22,0,12,10,0,2.67,3.47,3.15,side_crash,37.32,127.108
24,0,13,6,5,2.57,3.37,3.05,car_car,37.322,127.097
21,0,10,10,1,2.33,3.5,3.03,side_crash,37.257,129.05
22,0,11,8,3,2.37,3.33,2.95,car_car,37.316,127.089
23,0,9,12,2,2.3,3.37,2.94,crash_stop,37.3,127.106
23,0,9,12,2,2.3,3.13,2.8,side_crash,37.58,126.923
24,0,8,15,1,2.33,2.87,2.65,side_crash,36.692,126.836
23,0,5,17,1,1.97,2.9,2.53,side_crash,37.339,127.102
21,0,9,9,3,2.1,2.63,2.42,side_crash,37.269,127.218
23,0,7,14,2,2.1,2.4,2.28,side_crash,37.861,127.742
13,0,2,11,0,1.07,1.93,1.59,crash_driving,37.326,127.108
6,0,2,3,1,0.53,0.67,0.61,crash_driving,37.324,127.102
37,0,15,22,0,3.97,6.37,5.41,car_car,37.358,126.932
28,0,15,12,1,3.3,5.57,4.66,side_crash,37.296,127.113
34,0,15,18,1,3.7,4.97,4.46,side_crash,37.358,126.932
36,2,12,18,4,3.87,4.47,4.23,crossing,37.35,126.944
29,0,15,13,1,3.37,4.67,4.15,car_car,37.585,127.212
24,3,9,13,0,3.03,4.57,3.95,crash_driving,37.348,126.942
22,1,10,11,0,2.73,4.67,3.89,crash_driving,37.376,126.94
22,0,8,13,1,2.2,4.73,3.72,car_car,37.321,126.915
25,0,14,10,1,3,4.03,3.62,side_crash,37.369,126.937
30,0,11,19,0,3.1,3.77,3.5,car_car,37.372,126.935
26,0,10,14,2,2.6,3.4,3.08,car_car,37.36,126.928
23,0,8,14,1,2.27,3.3,2.89,car_car,37.345,126.953
26,0,6,20,0,2.33,3.07,2.77,car_car,37.362,126.941
21,0,6,15,0,2,3.1,2.66,crash_driving,37.326,126.919
20,0,7,13,0,2.03,3.03,2.63,side_crash,37.498,126.768
22,0,5,16,1,1.9,2.83,2.46,car_car,37.365,126.928
15,1,5,8,1,1.7,2.83,2.38,side_crash,37.494,126.778
16,0,8,7,1,1.8,2.7,2.34,car_man,38.169,127.412
19,0,7,12,0,1.97,2.53,2.31,side_crash,37.364,126.925
16,1,6,9,0,1.93,2.5,2.27,car_car,37.35,126.925
17,0,6,10,1,1.67,2.57,2.21,car_car,35.119,129.112
16,1,4,11,0,1.73,2.43,2.15,car_car,37.353,126.948
16,0,10,5,1,2,2.07,2.04,car_car,37.371,126.938
15,2,4,8,1,1.87,2.13,2.03,crash_driving,37.371,126.943
16,0,7,9,0,1.77,2.2,2.03,crossing,37.435,126.999
16,1,3,11,1,1.57,2.3,2.01,crash_driving,37.367,126.927
15,1,4,10,0,1.67,2.13,1.95,side_crash,37.358,126.932
15,0,2,13,0,1.2,1.57,1.42,crash_stop,37.371,126.943
12,0,2,10,0,1,1.27,1.16,car_car,37.359,126.934
6,0,2,3,1,0.53,1.1,0.87,car_car,37.494,126.778
33,0,14,18,1,3.53,6.27,5.17,crash_driving,37.802,127.08
38,1,9,28,0,3.7,5.83,4.98,crash_driving,37.846,127.054
32,2,7,20,3,3.17,4.97,4.25,crash_driving,37.785,127.045
26,0,11,14,1,2.77,4.67,3.91,crash_driving,35.873,128.611
26,0,9,15,2,2.5,4.03,3.42,crash_driving,37.817,127.047
20,1,10,8,1,2.53,3.8,3.29,crash_driving,37.796,127.08
26,0,10,15,1,2.67,3.33,3.07,crash_driving,37.821,127.048
16,0,5,11,0,1.57,3.37,2.65,crash_driving,37.803,127.045
21,0,9,12,0,2.3,2.83,2.62,crash_driving,37.846,127.061
30,1,5,18,6,2.37,2.63,2.53,crash_driving,37.818,127.048
15,0,10,5,0,2,2.8,2.48,crash_driving,37.788,126.99
18,0,8,9,1,1.93,2.77,2.43,crash_driving,37.375,126.962
19,0,6,13,0,1.87,2.77,2.41,crash_driving,34.644,126.318
18,0,7,11,0,1.9,2.57,2.3,crash_driving,37.774,127.044
19,1,5,13,0,2.03,2.37,2.23,crash_driving,37.794,127.085
19,0,4,14,1,1.6,2.63,2.22,crash_driving,37.838,127.079
16,0,5,10,1,1.5,2.43,2.06,crash_driving,37.817,127.047
15,0,3,12,0,1.3,2.47,2,crash_driving,37.715,126.97
16,0,6,10,0,1.67,2.2,1.99,crash_driving,37.843,127.061
15,0,7,7,1,1.63,1.9,1.79,crash_driving,37.867,127.06
15,0,3,10,2,1.17,2.2,1.79,crash_driving,37.803,127.003
18,0,3,15,0,1.5,1.97,1.78,crash_driving,37.832,127.053
14,1,3,10,0,1.5,1.97,1.78,crash_driving,37.819,126.985
18,0,1,16,1,1.23,2.03,1.71,crash_driving,37.796,127.08
15,0,5,8,2,1.37,1.9,1.69,crash_driving,37.841,127.062
13,1,3,8,1,1.37,1.63,1.53,crash_driving,37.786,126.992
10,0,5,5,0,1.17,1.47,1.35,crash_driving,37.843,127.061
16,0,2,12,2,1.13,1.47,1.33,crash_driving,37.836,127.062
5,0,1,4,0,0.43,0.5,0.47,car_man,37.821,127.048
5,0,1,3,1,0.37,0.5,0.45,crash_driving,37.818,127.048
36,1,11,24,0,3.77,8.03,6.33,crash_stop,37.334,126.98
49,0,14,35,0,4.67,6.9,6.01,crash_stop,37.349,126.973
33,0,12,18,3,3.2,5.2,4.4,crash_stop,37.352,126.971
34,0,7,27,0,2.97,5.03,4.21,side_crash,37.344,126.975
21,0,5,16,0,1.9,3.33,2.76,crash_stop,37.358,126.965
19,0,8,11,0,2.07,3.1,2.69,side_crash,37.168,128.992
16,1,5,10,0,1.83,2.7,2.35,crash_stop,37.345,126.979
7,1,4,2,0,1.13,3.03,2.27,side_crash,37.679,126.915
17,0,5,12,0,1.63,2.07,1.89,car_car,37.392,126.986
13,0,3,9,1,1.1,2.37,1.86,car_car,37.348,126.983
12,0,5,7,0,1.3,2.17,1.82,side_crash,37.324,126.96
15,0,5,9,1,1.43,2.07,1.81,side_crash,37.502,127.082
9,1,4,4,0,1.27,1.93,1.67,crash_driving,37.318,126.99
15,0,3,12,0,1.3,1.9,1.66,crash_driving,37.346,126.983
13,0,4,8,1,1.2,1.83,1.58,crash_driving,37.34,126.977
13,0,4,9,0,1.27,1.73,1.55,crash_driving,37.88,127.729
10,0,5,5,0,1.17,1.5,1.37,side_crash,37.391,126.98
9,0,4,5,0,1,1.6,1.36,side_crash,37.388,126.981
12,0,4,8,0,1.2,1.47,1.36,side_crash,37.357,126.966
10,0,4,6,0,1.07,1.47,1.31,side_crash,37.392,126.986
11,0,3,8,0,1.03,1.33,1.21,side_crash,37.629,127.055
11,0,4,7,0,1.13,1.2,1.17,car_car,37.359,126.967
11,1,2,7,1,1.13,1.2,1.17,car_man,37.32,126.948
9,0,4,5,0,1,1.23,1.14,side_crash,37.391,126.98
10,0,3,7,0,0.97,1.17,1.09,crash_driving,37.349,126.973
10,0,3,7,0,0.97,0.97,0.97,crossing,37.32,126.948
12,0,1,10,1,0.83,0.97,0.91,crash_driving,37.148,127.073
7,0,3,4,0,0.77,1,0.91,crash_driving,37.352,126.971
6,0,3,3,0,0.7,0.77,0.74,crash_driving,37.357,126.966
6,0,2,3,1,0.53,0.8,0.69,crash_driving,37.352,126.971
19,0,5,14,0,1.77,3.23,2.65,car_car,37.831,127.509
14,2,4,8,0,1.87,2.67,2.35,car_car,37.74,127.422
15,0,5,10,0,1.5,2.9,2.34,crash_stop,37.779,127.436
13,0,3,10,0,1.17,2.63,2.05,side_crash,37.801,127.486
14,1,0,12,1,1.13,2.2,1.77,crash_stop,37.758,127.436
7,0,4,3,0,0.87,1.8,1.43,side_crash,35.617,129.052
8,0,3,5,0,0.83,1.8,1.41,side_crash,37.747,127.428
9,0,2,7,0,0.8,1.8,1.4,crash_driving,37.775,127.459
10,0,5,5,0,1.17,1.47,1.35,crash_stop,37.742,127.422
10,0,4,6,0,1.07,1.47,1.31,side_crash,37.821,127.513
11,0,2,9,0,0.93,1.57,1.31,side_crash,37.77,127.454
6,0,3,3,0,0.7,1.67,1.28,car_car,37.462,127.102
6,0,1,5,0,0.5,1.7,1.22,car_car,37.817,127.517
8,0,4,4,0,0.93,1.27,1.13,crossing,37.833,127.51
5,2,1,2,0,0.97,1.2,1.11,crash_stop,37.796,127.48
9,1,2,5,1,1,1.13,1.08,car_car,36.758,127.017
8,0,1,7,0,0.63,1.37,1.07,side_crash,37.823,127.516
6,0,5,1,0,0.9,1.13,1.04,side_crash,37.797,127.481
9,0,4,5,0,1,1.07,1.04,car_man,37.817,127.348
5,0,3,2,0,0.63,1.2,0.97,car_car,37.78,127.464
7,0,2,5,0,0.67,1.13,0.95,side_crash,37.708,127.455
8,0,3,5,0,0.83,1.03,0.95,car_man,37.955,128.316
10,0,2,5,3,0.67,1,0.87,crash_stop,37.735,127.415
5,0,3,2,0,0.63,0.77,0.71,crash_driving,38.077,128.466
8,0,1,6,1,0.57,0.77,0.69,side_crash,37.737,127.418
5,0,2,3,0,0.53,0.77,0.67,car_car,37.731,127.408
6,0,3,2,1,0.63,0.63,0.63,car_man,37.737,127.418
5,0,3,2,0,0.63,0.63,0.63,crossing,37.831,127.509
5,0,3,1,1,0.57,0.63,0.61,car_car,37.792,128.817
5,0,2,3,0,0.53,0.67,0.61,car_car,37.831,127.514
47,0,18,27,2,4.8,8.6,7.08,side_crash,37.149,127.073
28,1,14,12,1,3.47,5.8,4.87,side_crash,37.135,127.073
39,0,19,17,3,4.3,4.7,4.54,side_crash,35.327,126.978
27,1,11,12,3,2.97,3.6,3.35,crossing,37.148,127.068
20,0,12,7,1,2.47,3.93,3.35,side_crash,37.56,126.979
30,0,12,16,2,3.07,3.4,3.27,side_crash,37.15,127.061
18,1,4,13,0,1.87,3.83,3.05,side_crash,37.191,127.053
23,0,9,13,1,2.37,3.37,2.97,side_crash,37.146,127.073
21,0,10,10,1,2.33,3.37,2.95,side_crash,37.424,126.709
20,0,10,9,1,2.27,3.27,2.87,side_crash,37.159,127.058
18,0,9,9,0,2.1,3.3,2.82,side_crash,-1.116,34.4539
20,0,10,10,0,2.33,3,2.73,side_crash,37.155,127.067
21,0,11,10,0,2.5,2.87,2.72,car_man,37.521,127.146
19,0,11,7,1,2.3,2.9,2.66,side_crash,37.134,127.082
14,2,6,6,0,2.07,3.03,2.65,crash_stop,37.142,127.068
17,0,6,11,0,1.73,3.2,2.61,side_crash,37.155,127.061
18,0,8,9,1,1.93,2.87,2.49,side_crash,37.352,127.946
19,0,8,10,1,2,2.7,2.42,side_crash,37.401,126.95
18,0,7,10,1,1.83,2.67,2.33,car_man,37.159,127.058
14,1,8,5,0,2,2.37,2.22,crossing,37.159,127.066
17,0,8,8,1,1.87,2.33,2.15,side_crash,37.292,127.019
14,0,9,4,1,1.77,2.4,2.15,car_car,37.141,127.073
13,0,10,3,0,1.87,2.27,2.11,crossing,37.159,127.066
16,0,7,9,0,1.77,2.17,2.01,side_crash,37.149,127.077
20,0,4,14,2,1.6,2.13,1.92,crash_stop,37.179,127.061
15,0,8,5,2,1.67,2,1.87,crossing,36.881,127.205
16,0,6,10,0,1.67,2,1.87,crossing,37.16,127.063
11,2,6,1,2,1.73,1.93,1.85,car_car,37.145,127.05
16,0,6,8,2,1.53,1.6,1.57,crossing,37.146,127.067
7,0,3,4,0,0.77,1.97,1.49,side_crash,35.871,129.062
26,1,12,13,0,3.2,4.57,4.02,crash_stop,37.417,126.986
18,0,7,10,1,1.83,4.23,3.27,crash_driving,37.41,126.979
12,1,7,4,0,1.77,2.97,2.49,crash_driving,37.426,127
16,1,6,7,2,1.8,2.7,2.34,crash_driving,37.433,127.001
9,0,2,7,0,0.8,3.13,2.2,side_crash,37.446,126.995
15,0,7,8,0,1.7,2.17,1.98,side_crash,34.129,-118.26
12,0,2,10,0,1,2.3,1.78,crash_driving,37.417,126.986
11,0,6,4,1,1.27,1.87,1.63,crash_driving,37.516,127.018
12,0,6,4,2,1.27,1.8,1.59,car_car,35.227,128.686
8,0,1,7,0,0.63,1.97,1.43,crash_driving,37.45,126.993
11,0,3,8,0,1.03,1.43,1.27,side_crash,37.434,126.997
5,0,3,2,0,0.63,1.37,1.07,side_crash,37.449,126.998
10,0,2,8,0,0.87,1.17,1.05,side_crash,36.783,127.168
6,2,1,3,1,0.7,1.23,1.02,car_car,37.449,126.998
8,0,2,6,0,0.73,1.17,0.99,side_crash,37.46,127.027
5,0,3,2,0,0.63,1.17,0.95,car_car,37.417,126.986
6,0,2,4,0,0.6,1.03,0.86,crash_driving,37.417,126.986
5,0,2,3,0,0.53,1.07,0.85,side_crash,35.553,129.308
8,0,4,2,2,0.8,0.87,0.84,side_crash,37.425,126.989
9,0,3,4,2,0.77,0.83,0.81,side_crash,35.227,128.686
6,1,1,4,0,0.77,0.77,0.77,crash_driving,37.458,126.988
6,0,3,3,0,0.7,0.77,0.74,car_car,37.345,126.97
5,0,2,2,1,0.47,0.87,0.71,crash_driving,37.433,127.001
6,0,2,3,1,0.53,0.8,0.69,car_car,37.428,127.001
5,0,2,2,1,0.47,0.77,0.65,side_crash,37.446,126.995
5,0,2,3,0,0.53,0.6,0.57,crash_driving,37.447,127.004
5,0,1,4,0,0.43,0.63,0.55,crash_driving,37.404,126.998
5,0,2,3,0,0.53,0.53,0.53,car_man,37.426,126.984
5,0,2,2,1,0.47,0.47,0.47,crossing,37.424,126.995
5,0,1,4,0,0.43,0.5,0.47,car_car,36.364,127.39
98,1,25,66,6,8.9,13.87,11.88,side_crash,37.451,126.9
66,0,17,45,4,5.83,10.77,8.79,side_crash,37.486,126.776
60,1,21,37,1,6.3,10.2,8.64,side_crash,37.503,126.787
56,0,19,36,1,5.57,8.97,7.61,side_crash,37.483,126.776
66,0,18,46,2,6.07,8.17,7.33,side_crash,37.273,127.048
49,0,23,25,1,5.5,8.53,7.32,car_car,37.49,126.784
63,0,19,40,4,5.83,7.9,7.07,side_crash,37.505,126.758
60,0,23,34,3,6.1,7.33,6.84,side_crash,37.505,126.77
51,0,15,34,2,4.77,7.87,6.63,side_crash,37.456,126.71
35,0,15,19,1,3.77,7.07,5.75,side_crash,37.483,126.805
42,0,13,28,1,4.03,6.17,5.31,side_crash,37.502,126.757
37,1,20,15,1,4.67,5.7,5.29,side_crash,37.275,127.016
57,0,10,44,3,4.6,5.57,5.18,car_man,37.486,126.781
43,0,14,29,0,4.27,5.7,5.13,side_crash,37.483,126.763
38,1,18,17,2,4.47,5.37,5.01,car_car,37.32,126.833
45,0,7,34,4,3.43,5.93,4.93,side_crash,35.817,127.137
36,0,13,21,2,3.57,5.73,4.87,crash_driving,37.515,126.76
43,0,10,31,2,3.73,5.33,4.69,crash_driving,37.485,126.784
37,0,11,25,1,3.5,5.3,4.58,side_crash,37.532,126.789
35,0,13,20,2,3.5,5.13,4.48,car_car,37.5,126.776
37,0,15,20,2,3.83,4.67,4.33,side_crash,33.513,126.524
40,0,8,30,2,3.33,4.8,4.21,side_crash,37.484,126.794
37,1,8,27,1,3.47,4.47,4.07,side_crash,37.48,126.795
36,1,9,23,3,3.37,4.43,4.01,side_crash,37.503,126.776
16,0,5,11,0,1.57,2.3,2.01,crash_driving,37.451,126.9
15,1,1,10,3,1.17,1.77,1.53,car_car,37.505,126.758
12,0,2,9,1,0.93,1.53,1.29,crash_driving,37.505,126.758
11,0,4,7,0,1.13,1.2,1.17,side_crash,35.817,127.137
5,0,1,4,0,0.43,0.77,0.63,crash_stop,37.49,126.784
6,0,2,3,1,0.53,0.53,0.53,side_crash,37.273,127.048
48,0,14,30,4,4.33,5.93,5.29,side_crash,38.027,127.064
10,0,8,2,0,1.47,2.6,2.15,side_crash,38.238,127.437
7,0,6,1,0,1.07,2.23,1.77,car_car,37.481,126.909
10,2,4,3,2,1.2,2.07,1.72,side_crash,38.029,127.065
6,0,4,2,0,0.8,2.2,1.64,car_car,37.986,127.07
9,0,6,3,0,1.2,1.33,1.28,side_crash,38.029,127.066
9,1,3,5,0,1.17,1.23,1.21,car_car,38.028,127.067
11,0,1,9,1,0.77,1.5,1.21,side_crash,38.023,127.067
7,1,2,4,0,0.93,1.37,1.19,crash_driving,37.421,127.189
7,0,4,3,0,0.87,1.33,1.15,side_crash,38.023,127.067
10,0,3,7,0,0.97,1.27,1.15,side_crash,38.001,127.067
6,1,3,2,0,0.97,1.23,1.13,side_crash,37.421,127.189
7,0,4,3,0,0.87,1.13,1.03,side_crash,37.654,127.063
5,0,4,1,0,0.73,1.03,0.91,crash_driving,38.023,127.109
7,0,3,4,0,0.77,0.97,0.89,side_crash,38.027,127.063
5,1,2,2,0,0.8,0.8,0.8,crossing,37.856,127.077
5,1,0,4,0,0.6,0.93,0.8,side_crash,40.612,-76.158
7,0,2,5,0,0.67,0.87,0.79,side_crash,38.028,127.067
6,0,4,1,1,0.73,0.8,0.77,side_crash,38.006,127.065
7,0,2,5,0,0.67,0.8,0.75,side_crash,38.023,127.067
5,0,0,5,0,0.33,0.73,0.57,side_crash,38.031,127.11
5,0,2,3,0,0.53,0.53,0.53,side_crash,37.487,127.044
5,0,2,2,1,0.47,0.47,0.47,side_crash,34.686,126.918
6,0,1,2,3,0.3,0.3,0.3,side_crash,37.8,128.912
22,3,10,10,0,3,5.07,4.24,side_crash,37.394,127.249
33,0,12,21,0,3.4,4.27,3.92,car_car,37.391,127.231
36,0,9,26,1,3.23,3.9,3.63,side_crash,52.379,4.90027
33,0,7,24,2,2.77,3.97,3.49,crossing,37.417,127.248
21,1,6,14,0,2.27,4.1,3.37,side_crash,37.48,126.857
26,0,7,19,0,2.43,3.87,3.29,side_crash,37.348,127.346
23,0,7,16,0,2.23,3.97,3.27,crash_driving,37.36,127.15
23,0,9,14,0,2.43,3.53,3.09,car_car,38.075,127.403
24,0,5,18,1,2.03,3.43,2.87,side_crash,37.396,127.235
28,1,3,23,1,2.37,2.93,2.71,crossing,37.546,127.025
19,0,8,11,0,2.07,2.93,2.59,crash_driving,37.404,127.223
20,0,7,13,0,2.03,2.83,2.51,face_crash,38.055,127.545
18,0,9,9,0,2.1,2.53,2.36,sidewalk,38.379,128.472
14,1,4,8,1,1.53,2.83,2.31,side_crash,37.348,127.212
16,1,4,11,0,1.73,2.63,2.27,crash_stop,37.385,127.287
20,1,6,11,2,2.07,2.33,2.23,crossing,36.806,128.621
19,0,3,16,0,1.57,2.67,2.23,crash_stop,37.356,127.165
12,0,9,3,0,1.7,2.57,2.22,peacok_crash,52.379,4.90027
20,0,3,15,2,1.5,2.67,2.2,crash_stop,37.615,127.149
17,0,7,10,0,1.83,2.33,2.13,side_crash,45.487,-123.05
15,0,6,9,0,1.6,2.47,2.12,crash_driving,37.426,127.257
15,0,8,7,0,1.8,2.3,2.1,crash_stop,38.055,127.545
22,0,4,17,1,1.8,2.2,2.04,side_crash,37.413,127.257
15,0,8,7,0,1.8,2.2,2.04,side_crash,37.356,127.246
16,0,6,10,0,1.67,2.17,1.97,sidewalk,38.379,128.472
18,0,4,12,2,1.47,1.6,1.55,car_man,37.41,127.257
13,0,4,9,0,1.27,1.33,1.31,driveway,36.806,128.621
5,0,3,2,0,0.63,0.77,0.71,side_crash,36.806,128.621
7,0,2,5,0,0.67,0.67,0.67,car_man,37.546,127.025
5,0,1,4,0,0.43,0.7,0.59,crash_driving,37.546,127.025
40,0,16,24,0,4.27,6.27,5.47,side_crash,37.001,127.097
41,0,16,24,1,4.27,5.83,5.21,car_car,37.065,127.065
36,0,10,25,1,3.33,4.6,4.09,car_car,36.992,127.1
27,0,9,17,1,2.63,4.83,3.95,car_car,37.558,126.866
17,2,9,4,2,2.43,4.93,3.93,car_car,37.011,127.072
29,1,15,13,0,3.7,3.9,3.82,crossing,36.99,127.087
23,2,7,14,0,2.77,4.1,3.57,car_car,35.191,129.071
23,2,8,13,0,2.87,3.8,3.43,car_car,35.921,126.634
25,0,7,18,0,2.37,4,3.35,car_car,40.753,-73.982
23,0,7,14,2,2.1,4.1,3.3,car_car,37.478,126.799
21,1,11,9,0,2.77,3.6,3.27,car_car,37.082,127.062
24,0,6,18,0,2.2,3.97,3.26,car_car,36.99,127.085
34,0,9,22,3,2.97,3.43,3.25,car_car,37.042,127.132
24,0,5,19,0,2.1,3.9,3.18,car_car,37.558,126.866
24,0,7,17,0,2.3,3.7,3.14,side_crash,36.991,127.114
23,1,7,15,0,2.5,3.53,3.12,car_car,35.15,126.93
20,0,10,9,1,2.27,3.6,3.07,car_car,36.975,127.076
19,1,8,10,0,2.33,3.5,3.03,car_car,36.982,126.881
29,0,7,20,2,2.5,3.37,3.02,car_car,37.066,127.064
24,0,3,20,1,1.83,3.67,2.93,car_car,37.382,126.952
24,0,7,17,0,2.3,3.3,2.9,side_crash,36.998,127.111
21,0,9,12,0,2.3,3.2,2.84,car_car,36.989,126.919
22,0,9,12,1,2.3,2.87,2.64,side_crash,36.998,127.08
20,0,8,11,1,2.07,2.93,2.59,car_car,37.069,127.067
18,0,9,9,0,2.1,2.87,2.56,side_crash,37.071,127.059
22,0,4,18,0,1.87,2.93,2.51,car_car,36.994,127.087
20,0,9,10,1,2.17,2.63,2.45,side_crash,37.071,127.055
21,1,6,13,1,2.2,2.33,2.28,side_crash,37.065,127.061
9,0,4,5,0,1,1.13,1.08,car_car,36.99,127.085
6,0,3,3,0,0.7,1.1,0.94,car_car,36.995,127.083
28,0,10,17,1,2.8,3.4,3.16,car_car,37.252,127.488
19,0,4,15,0,1.67,3.93,3.03,side_crash,37.289,127.453
17,2,6,9,0,2.27,3.43,2.97,crash_stop,37.242,127.501
20,0,7,13,0,2.03,3.47,2.89,side_crash,36.714,127.146
23,0,8,15,0,2.33,3.2,2.85,side_crash,36.511,126.623
21,1,3,17,0,1.97,3.23,2.73,side_crash,37.289,127.453
19,1,4,14,0,1.93,3,2.57,side_crash,37.302,127.438
15,2,7,6,0,2.23,2.7,2.51,side_crash,37.255,127.352
24,0,6,17,1,2.13,2.57,2.39,side_crash,37.28,127.446
18,0,6,12,0,1.8,2.53,2.24,side_crash,37.278,127.437
15,0,5,10,0,1.5,2.67,2.2,side_crash,37.259,127.478
14,0,6,8,0,1.53,2.43,2.07,side_crash,37.276,127.436
14,0,5,8,1,1.37,2.5,2.05,side_crash,37.274,127.451
17,0,4,13,0,1.53,2.4,2.05,crash_driving,37.274,127.447
14,0,4,10,0,1.33,2.47,2.01,side_crash,37.268,127.445
14,0,6,8,0,1.53,2.27,1.97,side_crash,37.289,127.453
12,0,5,7,0,1.3,2.17,1.82,side_crash,37.289,127.453
14,0,2,12,0,1.13,2.13,1.73,side_crash,37.284,127.447
10,2,2,6,0,1.4,1.93,1.72,side_crash,37.28,127.474
14,0,5,9,0,1.43,1.77,1.63,side_crash,37.276,127.446
12,0,4,7,1,1.13,1.87,1.57,crash_driving,35.319,126.984
11,0,4,7,0,1.13,1.87,1.57,side_crash,36.656,128.259
6,3,2,1,0,1.4,1.67,1.56,crossing,37.29,127.004
10,1,4,5,0,1.33,1.6,1.49,crossing,37.275,127.441
13,0,2,11,0,1.07,1.77,1.49,car_car,37.295,127.456
14,0,4,10,0,1.33,1.53,1.45,crossing,37.283,127.442
15,0,3,12,0,1.3,1.43,1.38,crossing,36.692,126.836
11,0,4,7,0,1.13,1.27,1.21,crossing,37.285,127.447
7,0,2,5,0,0.67,0.67,0.67,car_man,36.692,126.836
6,0,1,4,1,0.43,0.57,0.51,car_man,36.692,126.836
39,0,14,25,0,4,6,5.2,side_crash,37.343,126.752
44,0,9,33,2,3.7,5.6,4.84,side_crash,37.349,126.739
36,1,10,24,1,3.6,5.33,4.64,side_crash,37.479,126.855
33,0,9,23,1,3.03,5.2,4.33,side_crash,37.362,126.738
19,0,13,6,0,2.57,5.17,4.13,crash_driving,37.382,126.772
28,1,12,15,0,3.33,4.63,4.11,side_crash,37.346,126.739
38,1,7,28,2,3.37,4.53,4.07,side_crash,37.344,126.748
28,1,10,17,0,3.13,4.63,4.03,crossing,37.448,126.788
34,0,10,20,4,3,4.6,3.96,side_crash,37.422,126.684
25,3,11,10,1,3.5,4.13,3.88,side_crash,37.352,126.732
29,0,9,20,0,2.83,4.3,3.71,side_crash,37.351,126.742
27,1,11,12,3,2.97,4.13,3.67,side_crash,37.339,126.747
28,0,10,17,1,2.8,4.23,3.66,side_crash,37.349,126.723
26,0,8,17,1,2.47,4.4,3.63,side_crash,37.45,126.791
29,1,9,16,3,2.9,3.8,3.44,side_crash,37.342,126.741
23,0,9,14,0,2.43,4.1,3.43,side_crash,37.349,126.742
20,1,8,11,0,2.4,3.93,3.32,car_car,37.368,126.734
26,0,6,19,1,2.27,4,3.31,side_crash,37.353,126.726
24,0,12,12,0,2.8,3.6,3.28,side_crash,37.346,126.743
26,0,7,17,2,2.3,3.83,3.22,crash_stop,37.65,127.076
21,1,7,12,1,2.3,3.77,3.18,side_crash,37.435,126.773
23,2,6,14,1,2.6,3.3,3.02,car_car,37.443,126.776
26,1,7,18,0,2.7,3.2,3,crossing,37.555,126.937
21,1,6,14,0,2.27,3.3,2.89,side_crash,37.339,126.757
23,0,6,16,1,2.07,3.4,2.87,car_car,37.384,126.757
26,0,7,17,2,2.3,3.23,2.86,car_man,37.344,126.748
22,0,9,13,0,2.37,3.13,2.83,side_crash,36.342,126.607
22,0,8,14,0,2.27,3.13,2.79,side_crash,37.383,126.866
20,1,8,10,1,2.33,2.73,2.57,crash_driving,37.588,127.135
9,0,1,6,2,0.57,1.03,0.85,car_man,37.479,126.855
107,2,35,69,1,11.1,15.7,13.86,side_crash,37.433,127.128
68,0,23,44,1,6.77,12.37,10.13,crash_driving,37.429,127.129
63,0,33,28,2,7.37,11.1,9.61,car_car,37.443,127.152
70,0,27,43,0,7.37,9.8,8.83,side_crash,37.436,127.141
63,0,22,38,3,6.2,9.03,7.9,car_car,37.439,127.127
57,0,19,37,1,5.63,8.83,7.55,side_crash,37.439,127.144
54,1,20,30,3,5.67,8.6,7.43,side_crash,37.35,127.108
50,0,23,24,3,5.43,7.83,6.87,side_crash,37.378,127.108
56,0,14,41,1,5.07,7.33,6.43,side_crash,37.432,127.129
56,1,18,36,1,5.73,6.4,6.13,car_solo,37.432,127.129
45,1,18,23,3,4.87,6.77,6.01,crash_driving,37.445,127.156
41,0,21,20,0,4.83,6.33,5.73,side_crash,37.29,127.003
36,0,19,17,0,4.3,6.57,5.66,side_crash,37.454,127.16
40,0,13,25,2,3.83,5.87,5.05,car_car,37.43,127.137
35,1,12,22,0,3.8,5.77,4.98,crash_driving,37.421,127.128
31,1,16,12,2,3.8,5.7,4.94,side_crash,37.416,127.128
39,0,16,22,1,4.13,5.1,4.71,side_crash,37.413,127.128
37,1,11,24,1,3.77,5.07,4.55,car_solo,37.411,127.124
38,1,13,24,0,4.1,4.67,4.44,car_car,37.439,127.127
38,0,13,22,3,3.63,4.8,4.33,crash_driving,37.433,127.159
35,0,13,21,1,3.57,4.73,4.27,side_crash,37.386,127.116
34,1,11,21,1,3.57,4.3,4.01,car_car,37.444,127.142
36,0,13,21,2,3.57,4.1,3.89,car_man,37.432,127.129
32,0,11,20,1,3.17,3.77,3.53,car_man,37.432,127.129
21,1,2,15,3,1.67,2.13,1.95,side_crash,37.429,127.129
8,0,3,4,1,0.77,1.23,1.05,side_crash,37.44,127.144
7,0,2,4,1,0.6,1.17,0.94,crash_driving,37.437,127.141
9,0,1,8,0,0.7,0.83,0.78,side_crash,37.432,127.129
7,0,0,7,0,0.47,0.67,0.59,side_crash,37.433,127.128
6,0,0,6,0,0.4,0.47,0.44,crossing,37.432,127.129
50,0,15,34,1,4.77,9.4,7.55,crash_stop,37.699,127.052
46,1,9,33,3,4.03,6.67,5.61,side_crash,37.738,127.045
37,0,16,20,1,4,6.13,5.28,side_crash,37.758,127.077
49,1,9,34,5,4.1,5.43,4.9,side_crash,52.379,4.90027
40,1,14,24,1,4.27,5.3,4.89,side_crash,37.733,127.047
42,0,10,29,3,3.6,5.27,4.6,side_crash,37.73,127.085
43,0,11,30,2,3.83,4.97,4.51,side_crash,38.379,128.472
33,0,12,19,2,3.27,5.23,4.45,crossing,37.724,127.047
33,0,14,17,2,3.47,4.97,4.37,side_crash,12.513,7.61142
35,0,14,20,1,3.67,4.73,4.31,crossing,37.743,127.051
27,1,11,15,0,3.17,5.03,4.29,side_crash,37.736,127.069
35,1,6,28,0,3.2,4.77,4.14,side_crash,37.751,127.032
38,0,14,20,4,3.67,3.93,3.83,car_man,37.739,127.052
24,0,10,14,0,2.6,4.3,3.62,side_crash,37.93,127.723
29,0,7,21,1,2.57,4.1,3.49,side_crash,37.756,127.08
33,0,9,21,3,2.9,3.3,3.14,car_man,37.507,126.89
29,0,7,20,2,2.5,3.4,3.04,side_crash,37.756,127.069
26,0,4,21,1,2.07,3.6,2.99,side_crash,37.721,127.061
29,0,5,22,2,2.3,3.43,2.98,side_crash,37.734,127.06
25,0,9,16,0,2.57,3.1,2.89,side_crash,37.758,127.042
30,0,8,21,1,2.73,3,2.89,crossing,37.74,127.045
24,0,8,16,0,2.4,3.1,2.82,side_crash,36.586,128.319
29,0,8,18,3,2.53,2.97,2.79,side_crash,37.737,127.051
21,1,6,12,2,2.13,3.23,2.79,side_crash,37.729,127.048
23,1,6,15,1,2.33,3,2.73,side_crash,37.75,127.053
24,0,8,14,2,2.27,2.73,2.55,side_crash,37.507,126.89
26,0,7,16,3,2.23,2.67,2.49,crossing,37.739,127.052
6,0,4,2,0,0.8,0.87,0.84,car_man,37.743,127.051
5,0,1,3,1,0.37,1,0.75,side_crash,37.699,127.052
9,0,1,7,1,0.63,0.7,0.67,car_car,37.756,127.069
24,1,13,10,0,3.17,4,3.67,car_car,37.711,126.743
35,0,11,22,2,3.3,3.9,3.66,car_car,37.758,126.773
24,0,9,15,0,2.5,4.07,3.44,crash_stop,37.734,126.76
27,0,15,11,1,3.23,3.57,3.43,crossing,37.759,126.777
23,0,12,10,1,2.67,3.9,3.41,side_crash,37.728,126.752
24,2,8,14,0,2.93,3.53,3.29,car_car,37.726,126.71
26,0,13,10,3,2.83,3.17,3.03,car_car,52.379,4.90027
25,1,9,14,1,2.77,3.17,3.01,car_car,37.759,126.777
17,1,8,7,1,2.13,3.5,2.95,crossing,37.273,127.048
18,1,5,11,1,1.9,3.6,2.92,car_car,37.707,126.759
12,1,9,2,0,1.97,3.43,2.85,side_crash,37.851,126.802
23,0,5,18,0,2.03,3.3,2.79,car_car,37.741,126.752
24,0,7,15,2,2.17,3.07,2.71,side_crash,35.166,128.163
18,1,8,8,1,2.2,3.03,2.7,car_car,37.726,126.717
23,0,7,15,1,2.17,3.03,2.69,side_crash,37.763,126.774
20,0,8,11,1,2.07,2.97,2.61,crash_driving,37.798,126.791
19,0,4,15,0,1.67,3.1,2.53,side_crash,37.743,126.808
17,0,11,5,1,2.17,2.73,2.51,side_crash,37.723,126.763
17,1,7,8,1,2.03,2.8,2.49,crash_driving,37.734,126.733
16,1,7,8,0,2.03,2.8,2.49,crash_driving,37.715,126.756
15,0,8,6,1,1.73,2.83,2.39,side_crash,37.764,126.767
15,0,11,4,0,2.1,2.43,2.3,car_car,35.166,128.163
22,0,9,11,2,2.23,2.23,2.23,crossing,37.858,126.785
16,0,6,10,0,1.67,2.57,2.21,side_crash,37.723,126.718
18,0,4,13,1,1.53,2.33,2.01,car_car,37.763,126.774
19,0,6,11,2,1.73,2.17,1.99,crash_stop,37.858,126.785
16,0,8,6,2,1.73,2.07,1.93,side_crash,37.566,126.977
16,0,8,8,0,1.87,1.93,1.91,crossing,37.756,126.769
23,0,1,17,5,1.3,1.57,1.46,car_car,37.866,126.802
7,0,2,5,0,0.67,1.47,1.15,car_car,37.741,126.752
